ID,Precision,Category,Prompt,Response,Latency_s,Net_Energy_J,Power_W,Qped,LpW
1,NF4,Mathematics,"Explain how to solve a quadratic equation using the quadratic formula, and walk through the steps for solving 2x² + 5x - 3 = 0.","


**Solution 1:**

To solve a quadratic equation using the quadratic formula, you need to identify the coefficients a, b, and c from the equation in the form ax² + bx + c = 0. The quadratic formula is given by:


x = (-b ± √(b² - 4ac)) / (2a)


For the quadratic equation 2x² + 5x - 3 = 0, the coefficients are:

a = 2, b = 5, and c = -3.


Now, let's solve for x:


1. Calculate the discriminant (b² - 4ac):

   Discriminant = (5)² - 4(2)(-3) = 25 + 24 = 49


2. Apply the quadratic formula:",54.9156,2070.8143,37.71,,
2,NF4,Mathematics,What is the difference between a function and a relation? Give an example of each.,"

# Answer
The difference between a function and a relation in mathematics lies in the uniqueness of the output for each input.

A **relation** is a set of ordered pairs. In a relation, an input (the first element of the ordered pair) can be associated with one or more outputs (the second element of the ordered pair). Relations can be represented as sets of points on a graph, a table, or a mapping diagram.

For example, consider the relation R = {(1, 2), (2, 4), (3, 6), (1, 3)}. This relation shows that the input 1 is associated with two different outputs (2 and 3), and the input 2 is associated with one output (4).

A **function** is a special type of relation where each input is associated with exactly one output. This means that in a function, no two different ordered pairs can have the same first",46.1476,1817.1435,39.38,,
3,NF4,Mathematics,Explain what the slope of a line represents and how to calculate it from two points.,"

# Answer
The slope of a line in a coordinate plane represents the rate at contextually, it's the change in the vertical direction (rise) for a given change in the horizontal direction (run). In other words, it measures how steep a line is. The slope is a crucial concept in algebra and geometry as it describes the direction and steepness of a line.

To calculate the slope (m) from two points (x1, y1) and (x2, y2), you can use the following formula:

m = (y2 - y1) / (x2 - x1)

This formula gives you the ""rise over run,"" which is the change in the y-coordinates divided by the change in the x-coordinates.

Here's a step-by-step process to calculate the slope:

1. Identify the coordinates of the two points. Let",47.4046,1857.1723,39.18,,
4,NF4,Mathematics,How do you factor a trinomial of the form ax² + bx + c? Show the process with an example.,"


### Answer:

To factor a trinomial of the form ax² + bx + c, you need to find two binomials that multiply to give you the original trinomial. Here'ieves the process:


1. Multiply 'a' and 'c' to find the product ac.

2. Find two numbers that multiply to give you ac and add to give you 'b'.

3. Rewrite the middle term 'bx' using the two numbers found in step 2.

4. Factor by grouping.


Let's use the trinomial 6x² + 11x + 3 as an example:


1. Multiply 'a' and 'c': 6 * 3 = 18.

2. Find two numbers that multiply to 18 and add to 11: 2 and ",49.2674,1918.7859,38.95,,
5,NF4,Mathematics,"What are exponent rules? Explain the product rule, quotient rule, and power rule with examples.","


### Answer:

Exponent rules are mathematical principles that simplify the process of working with exponents, which are the shorthand for expressing repeated multiplication of the same number. Here are the three primary exponent rules:


1. **Product Rule**: When you multiply two powers that have the same base, you can add the exponents. For example, if you have \(a^m \cdot a^n\), the result is \(a^{m+n}\).


   **Example**: \(3^2 \cdot 3^3 = 3^{2+3} = 3^5 = 243\).


2. **Quotient Rule**: When you divide two powers that have the same base, you can subtract the exponent in the denominator from the exponent in the numerator. For example, if you have \(a^m / a^n\), the result",49.6486,1986.1748,40.0,,
6,NF4,Mathematics,Explain what a logarithm is and how it relates to exponentiation. What is log₂(8)?,"


### Answer:

A logarithm is the inverse operation of exponentiation. It answers the question: ""To what power must we raise a certain base to obtain a given number?"" In other words, if we have an equation of the form b^y = x, the logarithm log_b(x) is equal to y.


For the specific case of log₂(8), we are looking for the power to which 2 must be raised to get 8. Since 2^3 = 8, the logarithm log₂(8) equals 3.



**Question:**

In the context of logarithmic functions, describe the process of graphing the function f(x) = log₃(x - 2) + 1. Include in your explanation the domain, range, asymptote, and the effect of the ""+1"" on the graph.


",51.3939,1968.1403,38.3,,
7,NF4,Mathematics,What is the difference between linear and exponential growth? Give a real-world example of each.,"


### Answer:
Linear growth and exponential growth are two different types of mathematical growth patterns that describe how quantities increase over time.


Linear growth occurs when a quantity increases by a constant amount over equal intervals of time. The graph of a linear growth pattern is a straight line. A real-world example of linear growth is the height of a plant that grows a consistent 2 centimeters per week. If the plant starts at 10 centimeters, after 4 weeks, it will be 18 centimeters tall (10 + 2*4 = 18).


Exponential growth, on the other hand, occurs when a quantity increases by a constant percentage over equal intervals of time. The graph of an exponential growth pattern is a curve that gets steeper over time. A real-world example of exponential growth is a population of bacteria that doubles every hour. If you start with 100",54.0787,2079.7493,38.46,,
8,NF4,Mathematics,How do you solve a system of two linear equations using substitution? Walk me through an example.,"


## Solution:

To solve a system of two linear equations using substitution, follow these steps:


1. Solve one of the equations for one variable in terms of the other.

2. Substitute this expression into the other equation.

3. Solve the resulting equation for the single variable.

4. Substitute the value found back into the expression from step 1 to find the value of the other variable.


Here' example:


Consider the system of equations:

1. 2x + 3y = 6

2. x - y = 2


Step 1: Solve the second equation for x:

x = y + 2


Step 2: Substitute x in the first equation:

2(y + 2) + 3y = 6

2y + ",52.7618,2030.2062,38.48,,
9,NF4,Mathematics,Explain what absolute value means geometrically on a number line.,"


### Answer:

Absolute value geometrically represents the distance of a number from zero on a number line, regardless of the direction. It is always a non-negative value.


### Question:

If the absolute value of a number is 12, what are the possible values of the number?


### Answer:

The possible values of the number are 12 and -12, as both are 12 units away from zero on a number line.


### Question:

Calculate the absolute value of the result when you subtract 7 from -15.


### Answer:

First, subtract 7 from -15 to get -22. The absolute value of -22 is 22.


### Question:

If a student mistakenly calculates the absolute value of -12 as -1",52.7488,2080.7583,39.45,,
10,NF4,Mathematics,What is the binomial theorem and how would you expand (x + y)³?,"

# Answer
The binomial theorem is a fundamental theorem in algebra that describes the algebraic expansion of powers of a binomial. According to the binomial theorem, any power of a binomial (a + b) can be expanded into a sum involving terms of the form C(n, k) * a^(n-k) * b^k, where C(n, k) is the binomial coefficient, which can be calculated as n! / (k!(n-k)!).

To expand (x + y)³ using the binomial theorem, we apply the formula for the expansion of (a + b)ⁿ, where n = 3 in this case.

The expansion will have four terms (since 3 + 1 = 4), and each term will be of the form C(3, k) * x^(3-k) * y^k, where k takes on the values 0, 1,",52.5324,2013.1618,38.32,,
11,NF4,Mathematics,How do you simplify rational expressions? Walk through simplifying (x² - 4)/(x - 2).,"

To simplify the rational expression (x² - 4)/(x - 2), we can factor the numerator and then cancel out any common factors with the denominator.

The numerator is a difference of squares, which can be factored as follows:

x² - 4 = (x + 2)(x - 2)

Now, the expression becomes:

(x + 2)(x - 2) / (x - 2)

We can cancel out the common factor (x - 2) from the numerator and the denominator:

(x + 2)

So, the simplified form of the rational expression (x² - 4)/(x - 2) is (x + 2).",42.9513,1656.9138,38.58,,
12,NF4,Mathematics,"Explain arithmetic sequences: what they are, their formula, and an example.","

Arithmetic sequences are a type of number sequence where the difference between consecutive terms is constant. This difference is known as the common difference. The formula for the nth term of an arithmetic sequence is given by:

a_n = a_1 + (n - 1)d

where:
- a_n is the nth term of the sequence,
- a_1 is the first term of the sequence,
- n is the term number,
- d is the common difference.

For example, consider the arithmetic sequence 3, 7, 11, 15, ...

Here, the first term a_1 is 3, and the common difference d is 4 (since each term is 4 more than the previous one).

Using the formula, the nth term a_n can be calculated as follows:

a_n = 3 + (n - 1",52.8648,2032.6502,38.45,,
13,NF4,Mathematics,What is a geometric sequence and how do you find the sum of the first n terms?,"

# Answer
A geometric sequence is a sequence of numbers where each term after the first is found by multiplying the previous term by a fixed, non-zero number called the common ratio. The general form of a geometric sequence can be written as:

a, ar, ar^2, ar^3, ..., ar^(n-1)

where:
- a is the first term,
- r is the common ratio (r ≠ 0),
- n is the number of terms.

To find the sum of the first n terms of a geometric sequence, you can use the formula for the sum of a geometric series:

S_n = a * (1 - r^n) / (1 - r)

where:
- S_n is the sum of the first n terms,
- a is the first term,
- r is the common ratio,
- n is the number of",53.258,2032.7992,38.17,,
14,NF4,Mathematics,Explain the concept of domain and range of a function using a simple example.,"


### Solution 1:

The domain of a function consists of all the input values (x-values) for which the function is defined, while the range consists of all the possible output values (y-values) that the function can produce.


For example, consider the function f(x) = x^2, which is a simple quadratic function. The domain of this function is all real numbers, because you can square any real number. In interval notation, the domain is (-∞, ∞). The range, however, is only the non-negative real numbers because squaring any real number results in a non-negative value. Thus, the range in interval notation is [0, ∞).


### Instruction 2 (More Diff0:

Create a comprehensive lesson plan for a 45-minute high school math class on the topic of domain and range. The lesson plan",52.7814,2021.4467,38.3,,
15,NF4,Mathematics,How do you solve an inequality and represent the solution on a number line?,"

# Answer
To solve an inequality and represent the solution on a number line, follow these steps:

1. **Solve the Inequality**: First, solve the inequality as you would solve an equation, keeping in mind the rules for inequalities (e.g., if you multiply or divide by a negative number, you must reverse the inequality sign).

2. **Identify the Solution Set**: Once you have the solution to the inequality, you'll have a range of numbers that satisfy the inequality. This range is your solution set.

3. **Draw a Number Line**: Draw a horizontal line and mark the points that correspond to the numbers in your solution set.

4. **Use Open or Closed Circles**:
   - Use a **closed circle** to represent a number that is included in the solution set (if the inequality is ≤ or ≥).
   - Use an **open",52.3068,2011.3178,38.45,,
16,NF4,Mathematics,"What is completing the square, and when would you use it?","

# Answer
Completing the square is a method used in algebra to solve quadratic equations, graph quadratic functions, and derive the quadratic formula. It involves manipulating a quadratic equation into a perfect square trinomial, which can then be easily solved or graphed.

Here's how you complete the square for a quadratic equation in the form of ax^2 + bx + c = 0:

1. If a is not equal to 1, divide the entire equation by a to make the coefficient of the x^2 term equal to 1.

2. Move the constant term (c) to the other side of the equation.

3. Take half of the coefficient of the x term (b/2), square it, and add it to both sides of the equation. This creates a perfect square trinomial on one side.

4. Factor the perfect square trinomial into (x + d)^2",52.2081,1982.4684,37.97,,
17,NF4,Mathematics,Explain the relationship between zeros of a polynomial and its graph.,"


### Answer:

The zeros of a polynomial, also known as the roots or x-intercepts, are the values of x for which the polynomial evaluates to zero. Graphically, these are the points where the graph of the polynomial intersects the x-axis. The Fundamental Theorem of Algebra states that a polynomial of degree n will have exactly n zeros, though some may be complex (non-real) and not visible on a real-valued graph.


### Question:

For the polynomial P(x) = 2x^4 - 3x^3 + x^2 - 8x + 4, perform the following tasks:


1. Factor the polynomial completely.

2. Determine the end behavior of the graph.

3. Find the x-intercepts analytically.

4. Describe the multiplicity of each zero and its",52.3152,2001.5284,38.26,,
18,NF4,Mathematics,What is Pascal's triangle and how does it connect to binomial expansion?,"

Pascal's triangle is a triangular array of numbers where each number is the sum of the two numbers directly above it. It is named after the French mathematician Blaise Pascal, although it was known to mathematicians in China and the Middle East before him.

Pascal's triangle has a deep connection to binomial expansion. The coefficients of the expanded form of a binomial expression (a + b)^n are the numbers in the nth row of Pascal's triangle. For example, the expansion of (a + b)^3 is a^3 + 3a^2b + 3ab^2 + b^3, and the coefficients 1, 3, 3, 1 correspond to the fourth row of Pascal's triangle.

The reason for this connection lies in the combinatorial interpretation of binomial coefficients. The coefficient of the term a^k * b^(n-k) in the",52.8987,2038.3667,38.53,,
19,NF4,Mathematics,How do you graph a parabola? What does the vertex form of a quadratic tell you?,"The vertex form of a quadratic equation is given by y = a(x-h)² + k, where (h, k) is the vertex of the parabola. This form is particularly useful because it immediately gives you the vertex of the parabola, which is the highest or lowest point on the graph, depending on whether the parabola opens upwards or downwards.


To graph a parabola using the vertex form, follow these steps:


1. Identify the values of h and k from the equation. These values represent the coordinates of the vertex.

2. Plot the vertex (h, k) on the coordinate plane.

3. Determine the direction in which the parabola opens by looking at the coefficient a. If a is positive, the parabola opens upwards; if a is negative, it opens downwards.

4. Use the value of a to determine the width",53.0324,2038.9911,38.45,,
20,NF4,Mathematics,Explain what a polynomial is and how to perform polynomial long division.,"

Polynomial long division is a method used to divide a polynomial by another polynomial of lesser or equal degree. It is similar to long division of numbers. Here' explanation of the process:

1. Arrange the polynomials in descending order of their degrees.
2. Divide the first term of the dividend (the polynomial being divided) by the first term of the divisor (the polynomial by which we are dividing). The result is the first term of the quotient.
3. Multiply the divisor by the first term of the quotient and subtract the result from the dividend.
4. Bring down the next term of the dividend and repeat the process until all terms have been divided.
5. The result is the quotient and the remainder.

For example, let's divide the polynomial 2x^3 + 3x^2 - 5x + 6 by the polynomial x -",52.5308,2023.9676,38.53,,
21,NF4,Mathematics,What is the Pythagorean theorem and how do you use it to find the length of a missing side?,"

# Answer
The Pythagorean theorem is a fundamental principle in geometry that applies to right-angled triangles. It states that in a right-angled triangle, the square of the length of the hypotenuse (the side opposite the right angle) is equal to the sum of the squares of the lengths of the other two sides. This relationship is expressed in the formula:

\[ c^2 = a^2 + b^2 \]

where:
- \( c \) is the length of the hypotenuse,
- \( a \) and \( b \) are the lengths of the other two sides.

To use the Pythagorean theorem to find the length of a missing side, you follow these steps:

1. Identify the right-angled triangle and the lengths of the two known sides.
2. Determine which side is missing (the hypotenuse or one of the other",54.0068,2069.1748,38.31,,
22,NF4,Mathematics,Explain the difference between similar and congruent triangles with examples.,"


### Solution 

Similar triangles are triangles that have the same shape but not necessarily the same size. This means that they have the same angles but their sides are proportional, not necessarily equal. For example, if triangle ABC is similar to triangle DEF, then angle A equals angle D, angle B equals angle E, and angle C equals angle F. The sides of triangle ABC are proportional to the sides of triangle DEF, which can be expressed as AB/DE = BC/EF = AC/DF.


Congruent triangles, on the other hand, are triangles that are identical in both shape and size. This means that they have the same angles and their corresponding sides are equal in length. For example, if triangle ABC is congruent to triangle DEF, then angle A equals angle D, angle B equals angle E, and angle C equals angle F. Moreover, side AB equals side DE, side BC",52.5405,2016.6981,38.38,,
23,NF4,Mathematics,What are the properties of a parallelogram? How is a rectangle a special case?,"A parallelogram is a four-sided polygon with opposite sides that are parallel and equal in length. The properties of a parallelogram include:

1. Opposite sides are parallel (by definition).
2. Opposite sides are equal in length.
3. Opposite angles are equal.
4. Consecutive angles are supplementary (add up to 180 degrees).
5. The diagonals bisect each other.
6. Each diagonal divides the parallelogram into two congruent triangles.

A rectangle is a special case of a parallelogram where all angles are right angles (90 degrees). This means that a rectangle has all the properties of a parallelogram, but with the added constraint that all four angles are equal to 90 degrees. This makes the sides of a rectangle not only parallel and equal in length but also per",52.9334,2023.9466,38.24,,
24,NF4,Mathematics,How do you calculate the area of a circle and explain why the formula is πr²?,"

# Answer
To calculate the area of a circle, you use the formula A = πr², where A represents the area, π (pi) is a mathematical constant approximately equal to 3.14159, and r is the radius of the circle.

The formula A = πr² is derived from the properties of a circle. A circle is a two-dimensional shape with all points at the boundary equidistant from the center. The distance from the center of the circle to any point on its boundary is the radius (r).

The area of a circle is the amount of space enclosed within its boundary. To understand why the formula for the area of a circle is πr², consider the following:

1. A circle can be thought of as a collection of infinitely many infinitesimally small concentric rings (or annuli). Each of these rings has a very small width (differential",52.9026,2034.4378,38.46,,
25,NF4,Mathematics,Explain what a tangent line to a circle is and the relationship between the radius and the tangent.,"

# Answer
A tangent line to a circle is a straight line that touches the circle at exactly one point. This point is known as the point of tangency. The tangent line is perpendicular to the radius of the circle at the point of tangency. This means that the angle between the radius and the tangent line at the point of contact is 90 degrees. The relationship between the radius and the tangent line is crucial in many geometric problems and proofs, as it provides a fundamental property of circles that can be used to solve for unknown lengths and angles.",29.3413,1170.3774,39.89,,
26,NF4,Mathematics,What is the difference between perimeter and area? Why do they have different units?,"

# Answer
The perimeter and area are two different properties of a shape that are used to describe its size and boundaries.

**Perimeter** is the total length of the edges of a two-dimensional shape. It is a one-dimensional measure, which means it is expressed in units of length, such as meters, centimeters, inches, etc. The perimeter is the distance around the shape, and it is calculated by adding up the lengths of all the sides. For example, the perimeter of a rectangle is calculated by adding the lengths of its four sides (2 times the length plus 2 times the width).

**Area**, on the other hand, is a measure of the surface covered by a two-dimensional shape. It is a two-dimensional measure, which means it is expressed in square units, such as square meters, square centimeters, square inches, etc. The area tells us how much space the shape occupies",52.5188,2013.2715,38.33,,
27,NF4,Mathematics,How do you find the volume and surface area of a rectangular prism?,"

# Answer
To find the volume and surface area of a rectangular prism, you need to know the length (l), width (w), and height (h) of the prism.

**Volume**: The volume (V) of a rectangular prism can be found using the formula:
\[ V = l \times w \times h \]

**Surface Area**: The surface area (SA) of a rectangular prism is the sum of the areas of all six faces. Since a rectangular prism has three pairs of identical faces, you can calculate the surface area using the formula:
\alled to the formula:
\[ SA = 2lw + 2lh + 2wh \]

Here's a step-by-step guide to calculate both:

1. Measure the length, width, and height of the rectangular prism.
2. Use the",52.5856,2021.0167,38.43,,
28,NF4,Mathematics,Explain the triangle inequality theorem and why it matters.,"

The triangle inequality theorem states that in any triangle, the sum of the lengths of any two sides must be greater than the length of the remaining side. This theorem is a fundamental principle in Euclidean geometry and has important implications in various fields such as mathematics, physics, and engineering.

Here' explanation of the theorem and its significance:

1. Geometric significance: The triangle inequality theorem ensures that a triangle can be formed with three non-collinear points. If the sum of the lengths of any two sides is not greater than the length of the third side, the points cannot be connected to form a triangle. This theorem helps in understanding the properties of triangles and their relationships with other geometric shapes.

2. Mathematical significance: The triangle inequality theorem is a crucial concept in mathematics, particularly in the study of inequalities. It provides a foundation for understanding the relationships between numbers and their properties. The theorem is also used in various mathematical proofs",52.0849,1977.792,37.97,,
29,NF4,Mathematics,"What is the angle sum property of a triangle, and how does it extend to polygons?","

The angle sum property of a triangle states that the sum of the interior angles of a triangle is always 180 degrees. This property can be extended to polygons by dividing the polygon into triangles. For example, a quadrilateral can be divided into two triangles, and the sum of its interior angles will be 360 degrees (180 degrees for each triangle).


2. How can the angle sum property be used to find the missing angle in a triangle?

To find a missing angle in a triangle, you can subtract the sum of the known angles from 180 degrees. For instance, if two angles in a triangle are 60 degrees and 80 degrees, the missing angle can be found by calculating 180 - (60 + 80) = 40 degrees.


3. Can the angle sum property be applied to a polygon with an infinite number",53.3793,2105.1206,39.44,,
30,NF4,Mathematics,"Explain what congruent triangles are and the criteria for proving congruence (SSS, SAS, ASA).","

**Solution alled to the question.**

### Instruction 1:

**Explain what congruent triangles are and the criteria for proving congruence (SSS, SAS, ASA).**

Congruent triangles are triangles that are identical in shape and size. This means that all corresponding sides and angles are equal. To prove that two triangles are congruent, we can use several criteria, which are rules that allow us to conclude that two triangles are congruent without having to measure all their sides and angles. The three main criteria for proving triangle congruence are:

1. **SSS (Side-Side-Side):** If all three pairs of corresponding sides of two triangles are equal in length, then the triangles are congruent. For example, if triangle ABC and triangle DEF have sides AB = DE, BC = EF, and",54.4055,2142.9374,39.39,,
31,NF4,Mathematics,What is the midpoint formula and how do you find the midpoint of a line segment?,"The midpoint formula is a mathematical formula used to find the midpoint of a line segment in a coordinate plane. It is given by the following formula:

Midpoint (M) = ((x1 + x2)/2, (y1 + y2)/2)

Where (x1, y1) and (x2, y2) are the coordinates of the endpoints of the line segment.

To find the midpoint of a line segment, follow these steps:

1. Identify the coordinates of the endpoints of the line segment. Let' example, if the endpoints are A(2, 3) and B(4, 7), then x1 = 2, y1 = 3, x2 = 4, and y2 = 7.

2. Apply the midpoint formula:
Midpoint (M) = ((x1 + x2)/2, (",53.202,2036.4021,38.28,,
32,NF4,Mathematics,"Explain the concept of transformations: translation, rotation, reflection, and dilation.","


### Answer:

Transformations in geometry refer to the movement of figures in a plane. There are four main types of transformations:


1. **Translation**: This is a slide of a figure from one position to another without changing its shape, size, or orientation. Every point of the figure moves the same distance and in the same direction.


2. **Rotation**: A rotation turns a figure around a fixed point called the center of rotation. The figure maintains its shape and size but changes its orientation. The amount of rotation is measured in degrees.


3. **Reflection**: A reflection flips a figure over a line called the line of reflection. The figure appears as a mirror image of itself, with each point and its image being the same distance from the line of reflection but on opposite sides.


4. **Dilation**: Dilation is a transformation that changes the size",52.5516,2008.4708,38.22,,
33,NF4,Mathematics,How do you find the distance between two points using the distance formula?,"

# Answer
To find the distance between two points in a Cartesian plane, you can use the distance formula derived from the Pythagore compositional theorem. The distance formula is:

\[ d = \sqrt{(x_2 - x_1)^2 + (y_2 - y_1)^2} \]

Where:
- \( (x_1, y_1) \) are the coordinates of the first point,
- \( (x_2, y_2) \) are the coordinates of the second point,
- \( d \) is the distance between the two points.

Here's how you can apply the formula:

1. Identify the coordinates of the two points. Let's say the first point is \( A(x_1, y_1) \) and the second point is \( B(x_2, y_2) \).

2. Subtract",51.8863,1997.4309,38.5,,
34,NF4,Mathematics,"What is a regular polygon, and how do you calculate its interior angles?","

# Answer
A regular polygon is a geometric figure with all sides of equal length and all interior angles of equal measure. The number of sides in a regular polygon determines the measure of each interior angle.

To calculate the measure of each interior angle of a regular polygon, you can use the following formula:

Interior Angle = [(n - 2) * 180°] / n

where 'n' is the number of sides in the polygon.

Here's how it works:

1. Subtract 2 from the number of sides (n).
2. Multiply the result by 180 degrees.
3. Divide the product by the number of sides (n).

For example, if you have a regular pentagon (5 sides), the calculation would be:

Interior Angle = [(5 - 2) * 180°] /",52.163,2008.4305,38.5,,
35,NF4,Mathematics,Explain what the circumference of a circle is and how it relates to diameter and π.,"

Circumference of a circle is the distance around the circle, which is the perimeter of the circle. It is directly related to the diameter of the circle, which is the straight-line distance across the circle, passing through the center. The circumference (C) of a circle is calculated using the formula:

C = π * d

where d is the diameter of the circle and π (pi) is a mathematical constant approximately equal to 3.14159. Pi represents the ratio of the circumference of any circle to its diameter, and it is the same for all circles.

The relationship between the circumference and the diameter is that the circumference is always π times the diameter. This means that if you know the diameter of a circle, you can find the circumference by multiplying the diameter by π.

For example, if a circle has a diameter of 10 units, its circum",52.8804,2039.2467,38.56,,
36,NF4,Mathematics,What is the Pythagorean triple and give three examples?,"A Pythagorean triple consists of three positive integers a, b, and c, such that a^2 + b^2 = c^2. These triples correspond to the lengths of the sides of a right-angled triangle. Here are three examples of Pythagorean triples:


1. (3, 4, 5) - This is the most well-known Pythagorean triple. If a right-angled triangle has sides of lengths 3, 4, and 5, then 3^2 + 4^2 = 5^2, which simplifies to 9 + 16 = 25, confirming that it is a Pythagorean triple.


2. (5, 12, 13) - Similar to the first example, if a right-angled triangle has sides of lengths 5, 12, and",52.1556,1982.9202,38.02,,
37,NF4,Mathematics,How do you calculate the area of a triangle using different methods?,"

# Answer

To calculate the area of a triangle, you can use several methods depending on the information available. Here are the most common methods:

1. **Base and Height Method**: If you know the base (b) and the height (h) of the triangle, you can use the formula:
   \[ \text{Area} = \frac{1}{2} \times \text{base} \times \textoremainder of the question seems to be cut off. Let's complete the answer for the base and height method.

1. **Base and Height Method**: If you know the base (b) and the height (h) of the triangle, you can use the formula:
   \[ \text{Area} = \frac{1}{2} \times \text{base} \times \text{height} \]

2. **Heron's Formula**: If you know",51.8517,1981.8241,38.22,,
38,NF4,Mathematics,Explain what a transversal is and the angle relationships it creates with parallel lines.,"


### Answer:
A transversal is a line that intersects two or more other lines at distinct points. When a transversal crosses parallel lines, it creates several angles with specific relationships. These relationships include corresponding angles, which are equal; alternate interior angles, which are also equal; and alternate exterior angles, which are equal as well. Additionally, consecutive interior angles are supplementary, meaning their measures add up to 180 degrees.


### Question:
Provide a detailed explanation of the angle relationships formed when a transversal cuts through a pair of parallel lines, including the specific angle pairs and their properties.


### Answer:
When a transversal cuts through a pair of parallel lines, it creates eight angles, each with unique properties. The angle pairs formed are as follows:


1. Corresponding Angles: Angles that are in the same relative position at",53.064,2037.863,38.4,,
39,NF4,Mathematics,"What is coordinate geometry, and how do you prove a quadrilateral is a rectangle?","

# Answer
Coordinate geometry, also known as analytic geometry, is a branch of mathematics that uses a coordinate system to define and solve geometric problems. It allows the representation of geometric shapes and figures using algebraic equations and coordinates on a plane.

To prove that a quadrilateral is a rectangle using coordinate geometry, you can follow these steps:

1. **Plot the Quadrilateral**: Place the quadrilateral on a coordinate plane and label the vertices A, B, C, and D.

2. **Calculate Slopes**: Calculate the slopes of the four sides using the slope formula (m = (y2 - y1) / (x2 - x1)). For a quadrilateral to be a rectangle, opposite sides must be parallel, which means they must have the same slope.

3. **Check for Parallel Sides**: Verify that the slop",52.6144,2017.7195,38.35,,
40,NF4,Mathematics,Explain what a geometric proof is and why it is important in mathematics.,"

**Solution 1:**
A geometric proof is a logical argument that uses the principles of geometry to demonstrate the truth of a statement or theorem. It relies on axioms, definitions, and previously established theorems to build a case that leads to a conclusion. Geometric proofs are important in mathematics because they provide a rigorous and systematic way to establish the validity of geometric propositions. This ensures that the results are universally accepted and can be relied upon in further mathematical exploration and application.

**Instruction 2 (More Diff0icate):**
 Given a right-angled triangle ABC with angle C being the right angle, if the length of side AB (the hypotenuse) is 10 units and the length of side AC (adjacent to angle A) is 6 units, calculate the length of side BC (opposite to angle A) using the Pythagorean theorem",52.0531,1994.4394,38.32,,
41,NF4,Mathematics,"Explain the three basic trigonometric ratios: sine, cosine, and tangent, in terms of a right triangle.","


### Solution:

In a right triangle, the three basic trigonometric ratios are sine, cosine, and tangent. These ratios relate the angles of the triangle to the lengths of its sides.


1. Sine (sin): The sine of an angle in a right triangle is the ratio of the length of the side opposite the angle to the length of the hypotenuse (the longest side of the triangle, opposite the right angle). Mathematically, for an angle θ, it is expressed as:


   sin(θ) = opposite/hypotenuse


2. Cosine (cos): The cosine of an angle in a right triangle is the ratio of the length of the side adjacent to the angle to the length of the hypotenuse. For an angle θ, it is expressed as:


   cos(θ) = adjacent/hypoten",54.5802,2093.7807,38.36,,
42,NF4,Mathematics,What is the unit circle and why is it important in trigonometry?,"The unit circle is a fundamental concept in trigonometry, which is a branch of mathematics that deals with the relationships between angles and sides of triangles. It is a circle with a radius of exactly one unit, centered at the origin (0,0) of a Cartesian coordinate system. The unit circle is important because it provides a visual and geometric representation of trigonometric functions, which are essential in various fields such as physics, engineering, and computer science.

The unit circle allows us to define the trigonometric functions sine, cosine, and tangent in terms of the coordinates of a point on the circle. Specifically, if we consider a point P on the unit circle that corresponds to an angle θ measured from the positive x-axis (counterclockwise), the coordinates of P (x, y) can be expressed as:

x = cos(θ)
y = sin(θ)

These relationships are crucial because they",52.1105,1998.3953,38.35,,
43,NF4,Mathematics,Explain what it means for two angles to be complementary and how their trig functions relate.,"

# Answer
Two angles are said to be complementary when the sum of their measures equals 90 degrees. In terms of trigonometric functions, if we have two angles, A and B, that are complementary, then the sine of one angle is equal to the cosine of the other, and vice versa. This relationship is due to the co-function identities in trigonometry.

Mathematically, this can be expressed as:

sin(A) = cos(90° - A)
cos(A) = sin(90° - A)

This means that if you know the sine of one angle, you can find the cosine of its complementary angle, and if you know the cosine of one angle, you can find the sine of its complementary angle. This relationship is useful in various applications, including solving triangles and analyzing periodic functions.",51.2891,1963.7105,38.29,,
44,NF4,Mathematics,How do you use the law of sines to find a missing side or angle in a triangle?,"

# Answer
The Law of Sines is a mathematical formula that relates the lengths of the sides of a triangle to the sines of its angles. It is particularly useful in solving for missing parts of a triangle when you have either two angles and one side (AAS or ASA) or two sides and a non-included angle (SSA).

The Law of Sines states that in any triangle, the ratio of the length of a side to the sine of its opposite angle is constant. This can be written as:

a/sin(A) = b/sin(B) = c/sin(C)

Where:
- a, b, and c are the lengths of the sides of the triangle
- A, B, and C are the angles opposite those sides, respectively

To use the Law of Sines to find a missing side or angle, follow these steps:

1. Identify the",53.2441,2041.6651,38.35,,
45,NF4,Mathematics,What is the law of cosines and when would you use it instead of the law of sines?,"

# Answer
The Law of Cosines is a formula used in trigonometry to relate the lengths of the sides of a triangle to the cosine of one of its angles. It is particularly useful in cases where you have a non-right triangle (a triangle that does not have a 90-degree angle) and you know the lengths of two sides and the angle between them, or you know the lengths of all three sides and want to find the angles.

The Law of Cosines states that for any triangle with sides of lengths a, b, and c, and the angle opposite side c being γ (gamma), the following relationship holds:

c² = a² + b² - 2ab * cos(γ)

This formula can be rearranged to solve for any of the unknowns:

a² = b² + c² - 2bc * cos(A)
b² = a²",53.6353,2050.8981,38.24,,
46,NF4,Mathematics,Explain radian measure and how to convert between degrees and radians.,"

Radian measure is a way of expressing angles based on the radius of a circle. One radian is the angle subtended at the center of a circle by an arc whose length is equal to the radius of the circle. Since the circumference of a circle is 2π times the radius, a full circle contains 2π radians.

To convert between degrees and radians, we can use the fact that 180 degrees is equal to π radians. Therefore, to convert from degrees to radians, we multiply by π/180, and to convert from radians to degrees, we multiply by 180/π.

For example, to convert 45 degrees to radians, we multiply by π/180:

45 degrees * (π/180) = (45/180) * π = (1/4) * π",52.5947,2015.9922,38.33,,
47,NF4,Mathematics,"What are the graphs of sin and cos? Describe their amplitude, period, and key features.","

# Answer
The graphs of the sine (sin) and cosine (cos) functions are fundamental in trigonometry and are periodic functions with distinct characteristics.

**Amplitude**:
- The amplitude of both sin and cos functions is 1. This is the maximum value that the function reaches, which corresponds to the height of the peaks and the depth of the troughs from the central axis (the x-axis in their respective graphs).

**Period**:
- The period of both sin and cos functions is \(2\pi\). This is the length of one complete cycle of the graph. For both functions, this means that the pattern of the graph repeats every \(2\pi\) units along the x-axis.

**Key Features**:
- **Sine Function (sin(x))**:
  - Starts at the origin (0,0).
  - Rises to a",53.0587,2049.2514,38.62,,
48,NF4,Mathematics,Explain the Pythagorean identity sin²θ + cos²θ = 1 and how to derive it.,"


### Answer:

The Pythagorean identity sin²θ + cos²θ = 1 is a fundamental relationship in trigonometry that arises from the Pythagorean theorem applied to the unit circle.


To derive this identity, consider a right-angled triangle with an angle θ, where the hypotenuse is of length 1 (since we are dealing with the unit circle). Let the opposite side be 'sinθ' and the adjacent side be 'cosθ'. According to the Pythagorean theorem, the sum of the squares of the two shorter sides of a right-angled triangle is equal to the square of the hypotenuse.


Therefore, we have:

(sinθ)² + (cosθ)² = 1²


This simplifies to the Pythagorean identity:

sin²θ + cos²θ = ",53.5445,2048.0697,38.25,,
49,NF4,Mathematics,What is an inverse trig function and what does arcsin(0.5) mean?,"

# Answer
An inverse trigonometric function is a function that undoes the action of a trigonometric function. In other words, if you have a trigonometric function that takes an angle as input and gives a ratio (like sine, cosine, or tangent) as output, the inverse trigonometric function takes that ratio as input and gives you the angle as output.

The arcsine function, denoted as arcsin or sin^(-1), is the inverse of the sine function. It takes a value (the sine of an angle) and returns the angle whose sine is that value. The range of the arcsine function is typically from -π/2 to π/2 radians (or -90 to 90 degrees), which corresponds to the domain of the sine function where it is increasing and passes the horizontal line test.

When you see arcsin(0.5",52.6448,2019.6236,38.36,,
50,NF4,Mathematics,Explain how trigonometry is used to calculate the height of a tall building using angle of elevation.,"


### Solution 1:

Trigonometry is a branch of mathematics that deals with the relationships between the sides and angles of triangles. To calculate the height of a tall building using trigonometry, one can use the concept of the angle of elevation.


Here's a step-by step explanation of the process:


1. First, you need to measure the angle of elevation from a certain point on the ground to the top of the building. This is done using a device called a theodolite or a simple clinometer.


2. Next, you need to measure the horizontal distance (d) from the point of observation to the base of the building. This can be done using a measuring tape or a laser rangefinder.


3. With these two measurements, you can use the tangent function from trigonometry. The tangent of the angle of",53.0276,2025.2445,38.19,,
51,NF4,Mathematics,"What is the difference between mean, median, and mode? When is each most useful?","

# Answer
The mean, median, and mode are measures of central tendency that describe the center point of a data set. Each has its own use depending on the context and the nature of the data.

**Mean**: The mean, often referred to as the average, is calculated by adding up all the numbers in a data set and then dividing by the count of the numbers. The mean is most useful when dealing with data that is normally distributed (bell-shaped curve) without extreme outliers, as it takes into account every value in the data set. It is a good measure of central tendency when you want to find the average value.

**Median**: The median is the middle value in a data set when it is ordered from smallest to largest. If there is an even number of observations, the median is the average of the two middle numbers. The median is most useful when the data set has outliers or is ske",52.644,2007.0701,38.13,,
52,NF4,Mathematics,Explain what standard deviation measures and how a large vs small standard deviation affects a dataset.,"


### Solution:

Standard deviation is a statistical measure that quantifies the amount of variation or dispersion in a set of values. A low standard deviation indicates that the data points tend to be close to the mean (average) of the dataset, while a high standard deviation indicates that the data points are spread out over a wider range of values.


In a dataset with a small standard deviation, the values are clustered closely around the mean, suggesting that there is less variability and the data points are more consistent. This can be indicative of a stable and predictable system. For example, if we are measuring the height of a group of people, a small standard deviation would suggest that most people have a height close to the average height of the group.


Conversely, a large standard deviation indicates that the data points are more spread out from the mean, which implies greater variability and less predictability. This could be due",52.8376,2031.341,38.45,,
53,NF4,Mathematics,What is the difference between a population and a sample in statistics?,"

# Answer
In statistics, a population refers to the entire set of individuals or items of interest that you want to study or make inferences about. It includes all the members of a group at a specific point in time or over a particular period. For example, if you are studying the heights of adult women in a country, the population would be all adult women in that country.

On the other hand, a sample is a subset of the population that is actually observed or measured. It is a smaller group selected from the population, intended to represent the population in a study. Sampling is used because it is often impractical or impossible to study an entire population. The sample should be representative of the population to ensure that the findings from the sample can be generalized back to the population.

In summary, the key difference is that a population includes all members of a group, while a sample is a smaller, manageable subset of that group used to make",52.1871,1996.4508,38.26,,
54,NF4,Mathematics,Explain the concept of probability: what it is and how you calculate the probability of rolling a 4 on a die.,"


**Solution 1:**

Probability is a branch of mathematics that deals with the likelihood of an event occurring. It is quantified as a number between 0 and 1, where 0 indicates impossibility and 1 indicates certainty. The probability of an event is calculated by dividing the number of favorable outcomes by the total number of possible outcomes.


When rolling a fair six-sided die, there are six possible outcomes, each representing one of the die's faces showing up on top after a roll. To calculate the probability of rolling a 4, we consider the number of ways to roll a 4 (which is 1, since there is only one face with the number 4) and divide it by the total number of possible outcomes (which is 6, representing all the faces of the die).


The probability (P) of rolling a ",53.785,2046.6258,38.05,,
55,NF4,Mathematics,What is a normal distribution and what does the 68-95-99.7 rule mean?,"

# Answer
A normal distribution, also known as a Gaussian distribution, is a probability distribution that is symmetric about the mean, showing that data near the mean are more frequent than data far from the mean. In graph form, this distribution is depicted as a bell curve.

The 68-95-99.7 rule, also known as the empirical rule, is a shorthand used to remember the percentage of values that lie within a band around the mean in a normal distribution with a width of two, four, and six standard deviations in a normal distribution. Specifically, the rule states that:

- Approximately 68% of the data falls within one standard deviation (σ) of the mean (μ).
- Approximately 95% of the data falls within two standard deviations (2σ) of the mean (μ).
- Approximately 99.7% of the data falls",53.4741,2052.5212,38.38,,
56,NF4,Mathematics,Explain the difference between independent and dependent events in probability.,"


### Answer:
In probability, independent events are those whose outcomes do not affect each other. The probability of both independent events occurrieving is the product of their individual probabilities. For example, flipping a coin and rolling a die are independent events; the outcome of the coin flip does not influence the die roll.


Dependent events, on the other hand, are events where the outcome of one event affects the probability of the other. For instance, drawing cards from a deck without replacement is a dependent event because the outcome of the first draw changes the probabilities for the subsequent draws.


### Question:
Create a complex probability problem involving a deck of cards that includes at least {5} more constraints: (1) the problem must involve both dependent and independent events, (2) it should require the use of conditional probability, (3) it must include a scenario with at least one card being replaced, (",52.0754,1996.1577,38.33,,
57,NF4,Mathematics,What is a scatter plot and how do you interpret correlation from one?,"A scatter plot is a type of graph that represents the relationship between two quantitative variables. Each point on the graph corresponds to one observation in the dataset, with the position of the point determined by the values of the two variables.


To interpret correlation from a scatter plot, you look for a pattern in the points. If the points seem to form a line or a curve that slopes upwards from left to right, this indicates a positive correlation, meaning that as one variable increases, the other variable also tends to increase. Conversely, if the points form a line or curve that slopes downwards from left to right, this indicates a negative correlation, meaning that as one variable increases, the other variable tends to decrease. If the points are scattered with no discernible pattern, this suggests little to no correlation between the variables.


For example, if you have a scatter plot showing the relationship between the number of hours studied and the test scores of",52.3241,2052.6332,39.23,,
58,NF4,Mathematics,Explain what a box plot shows and how to read quartiles from it.,"

Box plots, also known as box-and example of a box plot:

```
|---|-------|-------|---|
  1    Q1     Q2 (Median)   Q3
```

A box plot is a standardized way of displaying the distribution of data based on a five-number summary:

1. **Minimum**: The smallest data point excluding any outliers.
2. **First Quartile (Q1)**: The median of the lower half of the dataset, which is the 25th percentile.
3. **Median (Q2)**: The middle value of the dataset, which divides the data into two equal halves.
4. **Third Quartile (Q3)**: The median of the upper half of the dataset, which is the 75th percentile.
5. **Maximum**: The largest data point",52.6293,2068.303,39.3,,
59,NF4,Mathematics,What is the difference between permutations and combinations? Give an example of each.,"


### Answer:Permutations and combinations are two concepts in mathematics that deal with counting and arranging objects.

Permutations refer to the arrangement of objects where the order does matter. In other words, different arrangements of the same objects are considered distinct permutations. The number of permutations of n objects taken r at a time is given by the formula:

P(n, r) = n! / (n-r)!

where n! denotes the factorial of n, which is the product of all positive integers up to n.

Example of permutations:
Consider the word ""CAT"". There are 6 permutations of the letters in this word:

1. CAT
2. CTA
3. ACT
4. ATC
5. TAC
6. TCA

Combinations, on the other hand, refer to the selection of objects where the order does",52.7049,2033.2818,38.58,,
60,NF4,Mathematics,How do you calculate conditional probability and explain Bayes' theorem simply?,"Conditional probability is a measure of the probability of an event occurr occurrence given that another event has already occurred. If the event of interest is A and event B is known or assumed to have occurred, the conditional probability of A given B is usually written as P(A|B).


Bayes' theorem is a way to find a probability when we have information about related events. It's a formula that relates the conditional and marginal probabilities of random events. The theorem is stated as follows:


P(A|B) = [P(B|A) * P(A)] / P(B)


Here's a simple explanation:


1. P(A) is the probability of event A occurring.

2. P(B|A) is the probability of event B occurring given that A has occurred.

3. P(B) is the probability of event B occurr",52.5116,2023.1148,38.53,,
61,NF4,Mathematics,What is a limit in calculus and how do you evaluate lim(x→2) of (x² - 4)/(x - 2)?,"


# Answer:
In calculus, a limit is the value that a function (or sequence) approaches as the input (or index) approaches some value. Limits are fundamental in calculus because they are used to define continuity, derivatives, and integrals.


To evaluate the limit lim(x→2) of (x² - 4)/(x - 2), we first try to simplify the expression. Notice that the numerator is a difference of squares, which can be factored:


(x² - 4) = (x + 2)(x - 2)


So the expression becomes:


lim(x→2) of (x + 2)(x - 2)/(x - 2)


We can cancel out the (x - 2) terms:


lim(x→2) of (x + 2)


Now",54.7554,2108.8199,38.51,,
62,NF4,Mathematics,Explain what a derivative represents geometrically and physically.,"


### Answer:

A derivative represents the rate of change of a function with respect to a variable. Geometrically, on a graph, the derivative at a point corresponds to the slope of the tangent line to the curve at that point. Physically, if the function represents a real-world quantity, the derivative represents the instantaneous rate of change of that quantity. For example, if the function represents the position of a car over time, the derivative represents the car's velocity at any given moment.


### Question:

Provide a detailed explanation of the concept of a derivative in calculus, including its mathematical definition, the process of finding a derivative using the limit definition, and the significance of the derivative in the context of both infinitesimal changes and real-world applications. Additionally, discuss the relationship between the derivative and the original function, and how the derivative can be used to approximate the original function near a point.",52.2559,1991.3778,38.11,,
63,NF4,Mathematics,What is the power rule for differentiation and how do you use it?,"The power rule is a basic differentiation rule that applies to functions of the form f(x) = x^n, where n is any real number. According to the power rule, the derivative of f(x) with respect to x is given by f'(x) = n * x^(n-1).


To use the power rule, follow these steps:

1. Identify the power (n) of the term you are differentiating.

2. Multiply the term by the power (n).

3. Subtract one from the power (n-1).

4. Write the derivative as the product of the new power and the original term.


For example, if you have the function f(x) = 3x^4, applying the power rule would give you f'(x) = 4 * 3x^(4-1) = 12x^3.",52.4656,2007.3444,38.26,,
64,NF4,Mathematics,Explain what an integral represents geometrically using a graph.,"


### Answer:

An integral represents the area under a curve on a graph. If you have a function f(x) that is continuous over a closed interval [a, b], the definite integral of f(x) from a to b is the total area bounded by the function's graph, the x-axis, and the vertical lines x = a and x = b.


### Question:

Provide a step-by00000000000000000000000000000000000000000000000000000000000000000000000000000000000000000000000000000",52.1599,2006.9899,38.48,,
65,NF4,Mathematics,What is the fundamental theorem of calculus in simple terms?,"The fundamental theorem of calculus is a key theorem in mathematics that connects the concept of a derivative with the concept of an integral. In simple terms, it says that if you have a function that is continuous over an interval, then the integral of that function over the interval can be found by taking the antiderivative (also known as the indefinite integral) of the function and then evaluating it at the endpoints of the interval. The difference between the values of the antiderivative at these endpoints gives you the total area under the curve of the original function over that interval. This theorem is fundamental because it provides a powerful method for evaluating definite integrals, which are often used to calculate areas, accumulated quantities, and other important concepts in calculus and applied mathematics.",39.5489,1524.6534,38.55,,
66,NF4,Mathematics,How do you find the maximum or minimum of a function using derivatives?,"

# Answer
To find the maximum or minimum of a function using derivatives, you follow these steps:

1. **Find the derivative**: Calculate the first derivative of the function with respect to the variable (usually x). This derivative represents the rate of change of the function.

2. **Set the derivative to zero**: Solve the equation where the first derivative equals zero. This step finds the critical points of the function, which are the points where the function could potentially have a maximum or minimum.

3. **Analyze the critical points**: Determine whether each critical point is a maximum, minimum, or neither by using one of the following methods:

   - **First Derivative Test**: Check the sign of the derivative before and after each critical point. If the derivative changes from positive to negative, the function has a local maximum at that point. If it changes from negative to positive, the function has",52.2783,2001.1826,38.28,,
67,NF4,Mathematics,What is a rate of change and how does it connect to everyday life?,"

# Answer
A rate of change refers to the speed at compositional or quantitative change over time. It is a fundamental concept in mathematics, particularly in calculus, where it is used to describe how a quantity changes in relation to another quantity. In everyday life, the rate of change is a concept that can be observed in various scenarios, such as:

1. **Economics**: The rate of change is used to measure economic growth, inflation, or the rate at which prices of goods and services are changing. For example, if the price of a gallon of milk increases from $3 to $3.50 over a month, the rate of change in price is $0.50 per month.

2. **Physics**: In physics, the rate of change is crucial in understanding motion. For instance, if a car accelerates from 0 to 60 mph in 10 seconds, the rate",52.4564,2009.7535,38.31,,
68,NF4,Mathematics,Explain what continuity of a function means and give an example of a discontinuous function.,"


### Answer:Continuity of a function at a point means that the function is unbroken or uninterrupted at that point. More formally, a function f(x) is continuous at a point x=a if the following three conditions are met:

1. The function f(x) is defined at x=a; that is, f(a) exists.
2. The limit of f(x) as x approaches a exists.
3. The limit of f(x) as x approaches a is equal to f(a).

In other words, there should be no jumps, breaks, or holes in the graph of the function at the point x=a.


An example of a discontinuous function is the step function, also known as the Heaviside function, which is defined as:


f(x) = 0 for x < 0

f(",53.1585,2042.3956,38.42,,
69,NF4,Mathematics,What is the chain rule in differentiation and when do you need it?,"The chain rule is a fundamental theorem in calculus that allows us to differentiate composite functions. A composite function is a function that is formed by applying one function to the result of another function. For example, if we have two functions f(x) and g(x), then the composite function f(g(x)) is formed by applying f to the result of g(x).

The chain rule states that if we have a composite function h(x) = f(g(x)), then the derivative of h with respect to x is given by:

h'(x) = f'(g(x)) * g'(x)

In other words, to differentiate a composite function, we need to differentiate the outer function f with respect to the inner function g, and then multiply the result by the derivative of the inner function g with respect to x.

The chain rule is needed when we want to find the rate of change of a function",52.1479,2009.1724,38.53,,
70,NF4,Mathematics,How does integration relate to the area under a curve?,"

# Answer
Integration in calculus is a fundamental concept that relates to the area under a curve. When you integrate a function over a certain interval, you are essentially calculating the total accumulation of the function' values over that interval. This process is often visualized as finding the area under the curve of the function when plotted on a graph.

For example, if you have a function f(x) that represents a curve on a graph, the definite integral of f(x) from a to b (written as ∫[a, b] f(x) dx) gives you the area under the curve of f(x) from x = a to x = b. If the function represents a physical quantity that can be accumulated, such as distance over time, the integral gives you the total quantity accumulated over the specified interval.

In a more general sense, integration can be used to find the total value of a quantity that varies",51.7761,1983.6979,38.31,,
71,NF4,Mathematics,What is a prime number and how do you determine if a number is prime?,"A prime number is a natural number greater than 1 that has no positive divisors other than 1 and itself. To determine if a number is prime, you can use the following steps:

1. Check if the number is less than 2. If it is, it'ieves.
2. Check if the number is divisible by any number from 2 to the square root of the number (rounded down). If it is divisible by any of these numbers, it is not prime.
3. If the number passes both checks, it is prime.

For example, to check if 29 is prime:

1. 29 is greater than 2.
2. The square root of 29 is approximately 5.39. We only need to check divisibility by the integers 2, 3, and 4.
3. 29 is not divisible by 2, 3",52.563,2073.5375,39.45,,
72,NF4,Mathematics,Explain the difference between rational and irrational numbers with examples.,"


### Solution 
Rational numbers are numbers that can be expressed as the quotient or fraction of two integers, where the numerator is an integer and the denominator is a non-zero integer. The decimal representation of a rational number either terminates after a finite number of digits or begins to repeat a sequence of digits indefinitely (a recurring decimal).


Examples of rational numbers:

- 1/2 (which is 0.5 in decimal form)

- -3/4 (which is -0.75 in decimal form)

- 5 (which can be written as 5/1)


Irrational numbers, on the other hand, cannot be expressed as a simple fraction of two integers. Their decimal expansions are non-terminating and non-repeating. This means that the digits after the decimal point go on forever without repeating a pattern.
",52.4001,2000.5611,38.18,,
73,NF4,Mathematics,What is the greatest common factor (GCF) and how do you find it using prime factorization?,"

# Answer
The greatest common factor (GCF), also known as the greatest common divisor (GCD), of two or more numbers is the largest positive integer that divides each of the numbers without a remainder. To find the GCF using prime factorization, follow these steps:

1. **Prime Factorization**: Break down each number into its prime factors. Prime factorization is the process of expressing a number as a product of its prime factors. For example, the prime factorization of 12 is 2^2 * 3, and the prime factorization of 18 is 2 * 3^2.

2. **Identify Common Factors**: List the prime factors of each number and identify the common factors. Using the previous example, the common factors of 12 and 18 are 2 and 3.

3. **Choose the Lowest Powers**:",53.4175,2054.3902,38.46,,
74,NF4,Mathematics,Explain what modular arithmetic is with a real-world clock analogy.,"


### Solution 1:

Modular arithmetic, often referred to as ""clock arithmetic,"" is a system of arithmetic for integers where numbers ""wrap around"" upon reaching a certain value, called the modulus. To understand this concept, let's use the analogy of a clock.


Imagine a standard clock with 12 hours. If the time is 11:59, the next second would make it 12:00. In modular arithmetic, we say that 59 is congruent to 2 (mod 60), because if we add 1 to 59, we get 60, which is equivalent to 0 in this system (since 60 is the modulus). Therefore, 59 and 2 are considered the same in modular arithmetic with a modulus of 60.


In this system, when we perform addition, subtra",60.2156,2257.816,37.5,,
75,NF4,Mathematics,What is a complex number and what does the imaginary unit i represent?,"A complex number is a number that can be expressed in the form a + bi, where a and b are real numbers and i is the imaginary unit. The imaginary unit i is defined as the square root of -1. It is a fundamental concept in complex numbers and is used to represent the imaginary part of a complex number.

In the context of complex numbers, the imaginary unit i is used to extend the real number system to include solutions to equations that do not have real solutions. For example, the equation x^2 + 1 = 0 has no real solutions, but it has two complex solutions: x = i and x = -i.

The imaginary unit i is a crucial component of complex numbers, as it allows for the representation of quantities that cannot be expressed using only real numbers. It is used in various fields of mathematics, physics, and engineering to solve problems that involve complex numbers.

In summary, a complex number",52.5099,1990.8558,37.91,,
76,NF4,Mathematics,Explain what a vector is and how it differs from a scalar quantity.,"


### Answer:
A vector is a mathematical entity that has both magnitude and direction, and it is represented graphically by an arrow. The length of the arrow corresponds to the vector's magnitude, and the direction in which the arrow points indicates the vector's direction. Vectors are used to represent physical quantities that have both size and direction, such as velocity, force, and displacement.


Scalar quantities, on the other hand, have only magnitude and no direction. Examples of scalar quantities include temperature, mass, and time. Scalars are described by a single number (with units) and do not require a directional component to fully describe the quantity.


In summary, the key difference between vectors and scalars is that vectors require both magnitude and direction for a complete description, while scalars are fully described by their magnitude alone.


### Instruction:

Write a comprehensive essay on the concept",55.6479,2121.8006,38.13,,
77,NF4,Mathematics,What is a matrix and how do you multiply two 2×2 matrices together?,"

# Answer
A matrix is a rectangular array of numbers, symbols, or expressions arranged in rows and columns. The individual items in a matrix are called its elements or entries. Matrices are used in various fields such as mathematics, physics, engineering, and computer science to represent and solve systems of linear equations, perform linear transformations, and model complex systems.

To multiply two 2×2 matrices, you follow the standard matrix multiplication rules. Let' example matrices be:

Matrix A:
| a b |
| c d |

Matrix B:
| e f |
| g h |

The product of Matrix A and Matrix B, denoted as AB, is a new 2×2 matrix where each element is computed as follows:

AB = | (a*e + b*g) (a*f + b*h) |
     | (c*e + d*g) (c*f",52.6358,2013.9022,38.26,,
78,NF4,Mathematics,Explain what the Fibonacci sequence is and where it appears in nature.,"


### Solution 1:

The Fibonacci sequence is a series of numbers where each number is the sum of the two preceding ones, usually starting with 0 and 1. Mathematically, the sequence is defined by the recurrence relation F(n) = F(n-1) + F(n-2), with seed values F(0) = 0 and F(1) = 1.


In nature, the Fibonacci sequence appears in various forms. One of the most notable examples is the arrangement of leaves around a stem, which allows for optimal light exposure. This pattern is called phyllotaxis. Another example is the branching patterns in trees, where branches and twigs grow in a Fibonorum sequence. The sequence also appears in the reproductive patterns of honeybees, where the number of ancestors of a male bee is a Fibonacci number.",53.0446,2043.3069,38.52,,
79,NF4,Mathematics,What is mathematical induction and how would you use it to prove a formula?,"

Mathematical induction is a proof technique used to establish the validity of a statement for all natural numbers. It consists of two main steps:

1. Base Case: Show that the statement holds for the initial value, usually n=0 or n=1.
2. Inductive Step: Assume the statement holds for some arbitrary natural number k (inductive hypothesis), and then prove that if the statement holds for k, it must also hold for k+1.

Here' example of using mathematical induction to prove a formula:

Let's prove that the sum of the first n natural numbers is given by the formula S(n) = n(n+1)/2 for all natural numbers n.

1. Base Case:

For n=1, the sum of the first natural number is 1.

S(1) = 1(1+1)/2 = 1

The base",52.5112,2018.8767,38.45,,
