ID,Precision,Category,Prompt,Response,Input_Tokens,Output_Tokens,Latency_s,Tokens_per_sec,Platform
1,F16,Mathematics,What is a limit in calculus and how do you evaluate lim(x→2) of (x² - 4)/(x - 2)?,"In calculus, a limit is a fundamental concept that describes the behavior of a function as its input approaches a certain value. It helps us understand the value that a function approaches as the input gets arbitrarily close to a specific point, without necessarily reaching that point. Limits are essential in defining continuity, derivatives, and integrals.

To evaluate the limit lim(x→2) of (x² - 4)/(x - 2), we can first try to simplify the expression by factoring the numerator:

x² - 4 = (x - 2)(x + 2)

So, the expression becomes:

lim(x→2) [(x - 2)(x + 2)] / (x - 2)

Now, we can cancel out the (x - 2) terms in the numerator and denominator:

lim(x→2) (x + 2)",35,200,59.7773,3.35,Windows_IrisXe_CPU
2,F16,Mathematics,"Explain how to solve a quadratic equation using the quadratic formula, and walk through 2x² + 5x - 3 = 0.","To solve a quadratic equation using the quadratic formula, you follow these steps:

1. Identify the coefficients a, b, and c in the quadratic equation ax² + bx + c = 0.
2. Plug the coefficients into the quadratic formula: x = (-b ± √(b² - 4ac)) / (2a).
3. Calculate the discriminant (b² - 4ac).
4. Determine the number and type of solutions based on the discriminant.
5. Solve for x using the quadratic formula.

Now, let's solve the quadratic equation 2x² + 5x - 3 = 0 using the quadratic formula:

1. Identify the coefficients: a = 2, b = 5, and c = -3.
2. Plug the coefficients into the quadratic formula: x = (-5 ± √",35,200,51.1596,3.91,Windows_IrisXe_CPU
3,F16,Mathematics,What is the difference between a function and a relation? Give an example of each.,"A **relation** is a set of ordered pairs, where each pair consists of an input and an output. A relation can be thought of as a general way to describe how two sets of values are connected. It doesn't necessarily have to follow any specific rules or patterns.

A **function** is a special type of relation that has a specific property: for every input, there is exactly one output. In other words, a function assigns a unique output to each input. Functions can be represented using ordered pairs, tables, graphs, or equations.

Here are examples of each:

**Example of a relation:**

Consider the set of ordered pairs {(1, 2), (2, 3), (3, 4), (4, 5)}. This is a relation because it shows how the elements of the first set (inputs) are connected to the elements of the second set (outputs). However, it",21,200,47.7488,4.19,Windows_IrisXe_CPU
4,F16,Mathematics,Explain what the slope of a line represents and how to calculate it from two points.,"The slope of a line in a coordinate plane represents the rate at which the y-coordinate (vertical change) of a point on the line changes with respect to the x-coordinate (horizontal change). In other words, it measures the steepness or incline of the line. The slope is often denoted by the letter ""m.""

The slope of a line can be calculated using two points on the line, (x1, y1) and (x2, y2). The formula to calculate the slope is:

m = (y2 - y1) / (x2 - x1)

Here's a step-by-step process to calculate the slope:

1. Identify the coordinates of the two points on the line. Let's say the points are (x1, y1) and (x2, y2).
2. Subtract the y-coordinates of the two points: y2",22,200,56.9052,3.51,Windows_IrisXe_CPU
5,F16,Mathematics,How do you factor a trinomial of the form ax² + bx + c? Show the process with an example.,"Factoring a trinomial of the form ax² + bx + c involves finding two binomials that multiply to give the original trinomial. The process can vary depending on the values of a, b, and c, but here's a general approach using the AC method, which is suitable for most cases:

1. Multiply 'a' and 'c' (the coefficients of x² and the constant term) to get 'ac'.
2. Find two numbers that multiply to 'ac' and add up to 'b' (the coefficient of x).
3. Rewrite the trinomial by splitting the 'bx' term into two terms using the numbers found in step 2.
4. Factor by grouping, which involves grouping the terms in pairs and factoring out the greatest common factor (GCF) from each pair.
5. If done correctly, you should end up with two binomials that multiply",30,200,54.6779,3.66,Windows_IrisXe_CPU
6,F16,Mathematics,"What are exponent rules? Explain the product rule, quotient rule, and power rule with examples.","Exponent rules are mathematical guidelines that help simplify expressions involving powers. These rules are essential for working with algebraic expressions and solving equations. Here are the three primary exponent rules: the product rule, the quotient rule, and the power rule, each accompanied by examples.

### 1. Product Rule

The product rule states that when multiplying two expressions with the same base, you add the exponents.

**Formula:** a^m * a^n = a^(m+n)

**Example:**

Let's multiply 2^3 and 2^4.

2^3 * 2^4 = 2^(3+4) = 2^7 = 128

### 2. Quotient Rule

The quotient rule states that when dividing two expressions with the same base, you subtract the exponent of the denominator from the exponent of the",25,200,58.7371,3.41,Windows_IrisXe_CPU
7,F16,Mathematics,Explain what a logarithm is and how it relates to exponentiation. What is log₂(8)?,"A logarithm is a mathematical concept that represents the inverse operation to exponentiation. It answers the question: ""To what exponent must we raise a given base to obtain a certain number?"" In other words, if we have an equation of the form b^x = y, where b is the base, x is the exponent, and y is the result, the logarithm of y with base b is x, written as log_b(y) = x.


The logarithm log₂(8) asks the question: ""To what power must we raise 2 to get 8?"" Since 2^3 = 8, log₂(8) = 3. This means that the logarithm of 8 with base 2 is 3.",28,162,45.154,3.59,Windows_IrisXe_CPU
8,F16,Mathematics,What is the difference between linear and exponential growth? Give a real-world example of each.,"Linear growth and exponential growth are two fundamental concepts in mathematics and science that describe how quantities increase over time. The key difference between them lies in the rate at which they grow.

### Linear Growth

Linear growth refers to a situation where a quantity increases by a constant amount over equal intervals of time. This type of growth is characterized by a straight line when graphed, with a constant slope. The formula for linear growth can be represented as:

\[ y = mx + b \]

where:
- \(y\) is the final amount,
- \(m\) is the constant rate of growth (slope),
- \(x\) is the time,
- \(b\) is the initial amount.

**Real-world Example of Linear Growth:**

A classic example of linear growth is the accumulation of interest in a savings account with a fixed interest rate. Suppose you deposit $1",23,200,57.285,3.49,Windows_IrisXe_CPU
9,F16,Mathematics,How do you solve a system of two linear equations using substitution?,"To solve a system of two linear equations using substitution, follow these steps:

1. Choose one of the equations and solve it for one of the variables.
2. Substitute the expression obtained in step 1 into the other equation.
3. Solve the resulting equation for the remaining variable.
4. Substitute the value obtained in step 3 back into the expression from step 1 to find the value of the other variable.

Here's an example to illustrate the process:

Consider the system of equations:

2x + 3y = 12
x - y = 1

Step 1: Solve the second equation for x:
x = y + 1

Step 2: Substitute the expression for x into the first equation:
2(y + 1) + 3y = 12

Step 3: Solve the resulting",17,200,101.4762,1.97,Windows_IrisXe_CPU
10,F16,Mathematics,Explain what absolute value means geometrically on a number line.,"Absolute value geometrically on a number line represents the distance of a number from the origin (zero point) without considering the direction. In simpler terms, it's how far a number is from zero, regardless of whether it's to the left (negative) or to the right (positive) on the number line.


To visualize this, imagine a horizontal line with numbers placed at equal intervals. The point labeled ""0"" is the origin. If you pick any number, say -5, and want to find its absolute value, you would look at the number line and measure the distance from -5 to 0. This distance is 5 units, so the absolute value of -5 is 5.


Similarly, the absolute value of a positive number, like 3, is also its distance from 0, which is 3 units. Therefore, the absolute value of both -5 and 3 is 5",18,200,68.9851,2.9,Windows_IrisXe_CPU
11,F16,Mathematics,What is the binomial theorem and how would you expand (x + y)³?,"The binomial theorem is a fundamental result in algebra that provides a formula for expanding expressions that are raised to a power. Specifically, it states that any binomial expression of the form (a + b)ⁿ can be expanded into a sum involving terms of the form C(n, k) * a^(n-k) * b^k, where C(n, k) is the binomial coefficient, also known as ""n choose k,"" and k ranges from 0 to n.

The binomial coefficient C(n, k) is calculated as:

C(n, k) = n! / (k! * (n-k)!)

where ""!"" denotes the factorial of a number.

Now, let's expand (x + y)³ using the binomial theorem.

(x + y)³ = C(3, 0) * x^(3-0) * y^0",22,200,70.5659,2.83,Windows_IrisXe_CPU
12,F16,Mathematics,Explain the difference between a permutation and a combination.,"Permutations and combinations are two concepts in mathematics that deal with the arrangement of objects. While they are related, they have distinct differences in how they count the arrangements.

Permutations:
A permutation is an arrangement of objects in a specific order. The order of the objects matters in permutations. For example, if you have three objects A, B, and C, the permutations of these objects are ABC, ACB, BAC, BCA, CAB, and CBA. In permutations, the arrangement of objects is important, and each arrangement is considered unique.

The formula to calculate the number of permutations of n objects taken r at a time is:

P(n, r) = n! / (n - r)!

where n! denotes the factorial of n (n * (n-1) * (n-2) * ... * 1).

Combinations:
A",16,200,67.0362,2.98,Windows_IrisXe_CPU
13,F16,Mathematics,What is the chain rule in calculus and when do you use it?,"The chain rule in calculus is a formula to compute the derivative of a composite function. If you have a function \( h(x) \) that can be written as a composition of two functions, say \( f(g(x)) \), where \( g(x) \) is a function and \( f \) is a function of one variable with the variable being \( g(x) \), then the chain rule states that the derivative of \( h \) with respect to \( x \) is the product of the derivative of \( f \) with respect to \( g(x) \) and the derivative of \( g \) with respect to \( x \).


Mathematically, the chain rule is expressed as:

\[ \frac{dh}{dx} = \frac{df}{dg} \cdot \frac{dg}{dx} \]


You use the chain rule when you need to differentiate a function that is composed of other functions. For example,",18,200,66.9977,2.99,Windows_IrisXe_CPU
14,F16,Mathematics,Explain what a derivative represents geometrically and how to find the derivative of x³.,"Geometrically, a derivative represents the slope of the tangent line to a curve at a given point. In other words, it measures the rate at which the function is changing at that specific point. The derivative can be thought of as the instantaneous rate of change of the function with respect to its independent variable.

To find the derivative of a function, we use the rules of differentiation. For the function f(x) = x³, we can find its derivative using the power rule, which states that if f(x) = x^n, then f'(x) = nx^(n-1).

Applying the power rule to x³, we have:

f'(x) = 3x^(3-1)
f'(x) = 3x²

So, the derivative of x³ is 3x². Geometrically, this means that the slope of the tangent line to the",23,200,70.9019,2.82,Windows_IrisXe_CPU
15,F16,Mathematics,What is integration and how does it relate to area under a curve?,"Integration is a fundamental concept in calculus that deals with the accumulation of quantities and the computation of areas under curves. It is the reverse process of differentiation, which calculates the rate of change of a function. Integration allows us to find the total accumulation of a quantity over a given interval.

When we talk about the area under a curve, we are referring to the region bounded by the curve, the x-axis, and the vertical lines x = a and x = b, where a and b are the limits of integration. The curve is typically represented by a function y = f(x).

The process of integration helps us find the area under the curve by summing up infinitely small rectangles that approximate the area. This is done using the definite integral, which is represented as ∫[a, b] f(x) dx. The symbol ∫ represents the integral, [a, b] represents the interval of integration, f(",18,200,69.6212,2.87,Windows_IrisXe_CPU
16,F16,Mathematics,Explain what a matrix is and how to multiply two 2x2 matrices.,"A matrix is a rectangular array of numbers, symbols, or expressions, arranged in rows and columns. The individual items in a matrix are called its elements or entries. Matrices are used in various fields, including mathematics, physics, engineering, computer science, and economics, to represent and solve systems of linear equations, perform transformations, and model data.

A 2x2 matrix is a matrix with two rows and two columns, and it can be represented as follows:

A = [a b]
    [c d]

where a, b, c, and d are the elements of the matrix.

To multiply two 2x2 matrices, let's consider two matrices A and B:

A = [a b]
    [c d]

B = [e f]
    [g h]

The product of A and B, denoted as C = AB, is another 2x2",21,200,68.7483,2.91,Windows_IrisXe_CPU
17,F16,Mathematics,What is the Pythagorean theorem and how do you apply it to find a missing side?,"The Pythagorean theorem is a fundamental principle in geometry, discovered by the ancient Greek mathematician Pythagoras. It applies specifically to right-angled triangles, which are triangles that have one angle measuring exactly 90 degrees.


The theorem states that in a right-angled triangle, the square of the length of the hypotenuse (the side opposite the right angle) is equal to the sum of the squares of the lengths of the other two sides. This relationship is expressed in the formula:


c² = a² + b²


Here, 'c' represents the length of the hypotenuse, while 'a' and 'b' represent the lengths of the triangle's other two sides.


To apply the Pythagorean theorem to find a missing side, follow these steps:


1. Identify the lengths of the two known sides. If you",25,200,70.5048,2.84,Windows_IrisXe_CPU
18,F16,Mathematics,Explain what a prime number is and why 1 is not considered prime.,"A prime number is a natural number greater than 1 that has no positive divisors other than 1 and itself. In other words, a prime number is a number that can only be divided evenly (without a remainder) by 1 and the number itself. Prime numbers are fundamental in number theory due to their role as the building blocks of the integers, as every number can be expressed as a product of primes, which is known as its prime factorization.


The number 1 is not considered prime because it does not meet the basic definition of a prime number. While 1 only has one positive divisor (itself), the definition of a prime number requires that it has exactly two distinct positive divisors: 1 and the number itself. Since 1 only has one divisor, it does not fulfill the criteria to be classified as a prime number. Instead, 1 is often referred to as a ""unit"" in mathematics, which is a",20,200,74.015,2.7,Windows_IrisXe_CPU
19,F16,Mathematics,What is modular arithmetic and how does it work?,"Modular arithmetic is a system of arithmetic for integers, where numbers ""wrap around"" after they reach a certain value—the modulus. It's often described as ""clock arithmetic"" because of its cyclical nature, similar to how hours on a clock reset after reaching 12.


Here's how modular arithmetic works:


1. **Modulus (m):** This is the number that determines the ""wrap-around"" point. For example, if the modulus is 12, then after 12, the next number is 1 again.


2. **Equivalence Classes:** Numbers that are congruent modulo m form equivalence classes. For instance, in modulo 12 arithmetic, 13 is congruent to 1 because 13 mod 12 = 1.


3. **Addition and Subtraction:** When",15,200,70.0825,2.85,Windows_IrisXe_CPU
20,F16,Mathematics,"Explain the difference between mean, median, and mode.","Mean, median, and mode are three types of measures of central tendency that are used in statistics to describe the center point or typical value of a dataset. Each measure provides a different way of understanding the distribution of values within a dataset.

1. Mean: The mean, also known as the average, is calculated by adding up all the values in a dataset and then dividing the sum by the total number of values. The formula for the mean is:

Mean = (Sum of all values) / (Number of values)

The mean is sensitive to outliers, which are extreme values that are significantly higher or lower than the other values in the dataset. Outliers can greatly affect the mean, making it less representative of the typical value in the dataset.

2. Median: The median is the middle value in a dataset when the values are arranged in ascending or descending order. If the dataset has an odd number of values, the median",16,200,67.6835,2.95,Windows_IrisXe_CPU
21,F16,Science,What are the main causes of deforestation and its effects on the environment?,"Deforestation, the large-scale removal of trees from forests, is primarily driven by several interconnected causes, each with significant environmental impacts. The main causes and effects are as follows:

Causes of Deforestation:

1. Agricultural Expansion: The conversion of forests into agricultural lands, including both subsistence farming and large-scale commercial agriculture, is the leading cause of deforestation. This is driven by the growing global demand for food, livestock, and biofuels.

2. Logging: The extraction of timber and wood products for commercial purposes, such as furniture, construction, and paper production, contributes significantly to deforestation. Illegal logging, in particular, is a major issue in many countries.

3. Infrastructure Development: The construction of roads, highways, and other infrastructure projects often requires clearing large areas of forest",21,200,72.1542,2.77,Windows_IrisXe_CPU
22,F16,Science,"Explain what photosynthesis is, what inputs it needs, and what it produces.","Photosynthesis is a vital biological process carried out by green plants, algae, and some bacteria, through which they convert light energy, usually from the sun, into chemical energy in the form of glucose or other sugars. This process is fundamental to life on Earth as it provides the primary source of energy for nearly all organisms, either directly or indirectly.

Inputs:
1. Light energy: The primary input for photosynthesis is light energy, which is absorbed by pigments, primarily chlorophyll, present in the chloroplasts of plant cells.
2. Carbon dioxide (CO2): Plants absorb carbon dioxide from the atmosphere through small openings called stomata, which are present on the surface of leaves.
3. Water (H2O): Plants absorb water from the soil through their roots, which is transported to the leaves through the",22,200,73.7501,2.71,Windows_IrisXe_CPU
23,F16,Science,What is cellular respiration and how does it differ from breathing?,"Cellular respiration is a set of metabolic reactions and processes that take place in the cells of organisms to convert biochemical energy from nutrients into adenosine triphosphate (ATP), and then release waste products. The reactions involved in respiration are catabolic reactions, which break large molecules into smaller ones, releasing energy in the process.


The process of cellular respiration can be broadly divided into four stages: glycolysis, the citric acid cycle (also known as the Krebs cycle), the electron transport chain, and oxidative phosphorylation. Glycolysis occurs in the cytoplasm, where glucose is broken down into pyruvate, producing a small amount of ATP and NADH. The citric acid cycle takes place in the mitochondria, where pyruvate is further broken down, and more ATP,",19,200,70.2523,2.85,Windows_IrisXe_CPU
24,F16,Science,Explain the structure of DNA and what base pairing rules apply.,"DNA, or deoxyribonucleic acid, is a molecule that carries the genetic instructions used in the growth, development, functioning, and reproduction of all known living organisms and many viruses. DNA is a long polymer made from repeating units called nucleotides, each of which is made up of three components: a sugar molecule (deoxyribose), a phosphate group, and a nitrogenous base.

The structure of DNA is often described as a double helix, which resembles a twisted ladder. The two strands of the double helix are composed of nucleotides, which are connected by hydrogen bonds between the nitrogenous bases. The sugar and phosphate groups form the backbone of the DNA molecule, while the nitrogenous bases are located in the interior of the helix.

There are four types of nit",18,200,68.2656,2.93,Windows_IrisXe_CPU
25,F16,Science,What is mitosis and why do cells need to divide?,"Mitosis is a process of cell division that results in two genetically identical daughter cells from a single parent cell. It is a fundamental process for growth, development, and tissue repair in multicellular organisms. Mitosis occurs in five stages: prophase, prometaphase, metaphase, anaphase, and telophase, followed by cytokinesis.

Cells need to divide for several reasons:

1. Growth and development: As an organism grows, it needs more cells to support its increasing size. Mitosis allows for the production of new cells, which contributes to the growth and development of the organism.

2. Repair and regeneration: When tissues are damaged or cells become old and worn out, mitosis helps to replace these cells, maintaining the proper functioning of the organism.

3. Maintenance of genetic stability: Mitosis ensures",16,200,67.394,2.97,Windows_IrisXe_CPU
26,F16,Science,Explain what meiosis is and how it differs from mitosis.,"Meiosis is a type of cell division that occurs in sexually reproducing organisms, specifically in the production of gametes (sperm and egg cells). It involves two rounds of division, known as Meiosis I and Meiosis II, resulting in four haploid cells, each containing half the number of chromosomes as the original parent cell.

Meiosis differs from mitosis in several ways:

1. Purpose: Meiosis is responsible for producing gametes, while mitosis is involved in growth, repair, and asexual reproduction.

2. Number of divisions: Meiosis consists of two rounds of division (Meiosis I and Meiosis II), while mitosis only has one round of division.

3. Chromosome number: Meiosis produces haploid cells (n), containing half the number of chromosomes as the parent cell",20,200,68.55,2.92,Windows_IrisXe_CPU
27,F16,Science,What is natural selection and how does it lead to evolution over time?,"Natural selection is a fundamental mechanism of evolution, first described by Charles Darwin. It is the process by which organisms with traits that are advantageous for survival and reproduction in their environment are more likely to pass on their genes to the next generation. Over time, this leads to changes in the traits of populations, which can result in the evolution of new species.

Here's a step-by-step explanation of how natural selection leads to evolution over time:

1. Variation: Within a population, individuals have different traits, which are determined by their genes. These traits can be physical (e.g., size, color, shape) or behavioral (e.g., mating rituals, foraging strategies).

2. Inheritance: Traits are passed on from parents to offspring through genes. This means that offspring inherit a combination of traits from their parents, which may or",18,200,68.1822,2.93,Windows_IrisXe_CPU
28,F16,Science,Explain the difference between an ecosystem and a biome.,"An ecosystem and a biome are both ecological concepts, but they refer to different scales and aspects of the natural world.

An ecosystem is a community of living organisms (plants, animals, and microorganisms) interacting with each other and their physical environment (soil, water, air, and climate) in a specific area. Ecosystems can be as small as a pond or as large as a forest. They are characterized by the flow of energy and cycling of nutrients through the food web, and they can be either terrestrial (land-based) or aquatic (water-based).

A biome, on the other hand, is a larger geographic region characterized by a specific climate, vegetation, and animal life. Biomes are typically defined by the dominant vegetation type, such as forests, grasslands, deserts, or tundra. They are also",18,200,67.6735,2.96,Windows_IrisXe_CPU
29,F16,Science,What is the role of the cell membrane and what does selectively permeable mean?,"The cell membrane, also known as the plasma membrane, plays a crucial role in maintaining the integrity and functionality of a cell. It is a selectively permeable barrier that separates the interior of the cell from its external environment. The primary functions of the cell membrane include:

1. Protection: The cell membrane provides a protective barrier that shields the cell's internal components from the external environment, preventing damage and maintaining cellular integrity.

2. Regulation of transport: The cell membrane controls the movement of substances in and out of the cell, allowing essential nutrients, ions, and molecules to enter while preventing the accumulation of harmful substances.

3. Cell signaling: The cell membrane contains receptors that enable cells to communicate with each other and respond to external signals, such as hormones and neurotransmitters.",23,200,68.8834,2.9,Windows_IrisXe_CPU
30,F16,Science,Explain the difference between prokaryotic and eukaryotic cells.,"Prokaryotic and eukaryotic cells are the two primary types of cells that make up all living organisms. The main differences between these two types of cells are their structure, complexity, and the presence of certain cellular components.

1. Nucleus: The most significant difference between prokaryotic and eukaryotic cells is the presence of a nucleus. Eukaryotic cells have a well-defined nucleus, which contains the cell's genetic material (DNA) enclosed within a nuclear membrane. In contrast, prokaryotic cells lack a true nucleus, and their genetic material is not enclosed within a membrane-bound nucleus. Instead, the DNA in prokaryotic cells is found in a region called the nucleoid.

2. Size and complexity: Eukaryotic cells are generally larger and more complex than prokaryotic cells. Eukaryotic cells have a",20,200,69.1798,2.89,Windows_IrisXe_CPU
31,F16,Science,What is the function of the mitochondria and why is it called the powerhouse of the cell?,"The mitochondria are specialized organelles within eukaryotic cells that serve as the site of cellular respiration, a process that generates adenosine triphosphate (ATP), the primary energy currency of the cell. The function of the mitochondria can be broken down into several key processes:

1. Cellular respiration: Mitochondria are responsible for converting the energy stored in nutrients, such as glucose, into ATP through a series of biochemical reactions. This process occurs in three main stages: glycolysis, the citric acid cycle (also known as the Krebs cycle or TCA cycle), and oxidative phosphorylation.

2. Glycolysis: Although glycolysis occurs in the cytoplasm, it is the first step in cellular respiration. During glycolysis, glucose is broken down into two mole",26,200,69.1858,2.89,Windows_IrisXe_CPU
32,F16,Science,Explain what an enzyme is and how it works.,"An enzyme is a type of protein molecule that acts as a catalyst in various biochemical reactions within living organisms. Catalysts are substances that speed up chemical reactions without being consumed or altered in the process. Enzymes play a crucial role in facilitating and regulating the myriad of chemical reactions that occur in cells, allowing them to proceed at a rate that is compatible with life.

Enzymes work by lowering the activation energy of a chemical reaction, which is the energy required to initiate the reaction. They achieve this by binding to specific molecules called substrates, forming an enzyme-substrate complex. The enzyme's active site, a region with a unique three-dimensional structure, is responsible for this binding. The active site is complementary in shape and chemical properties to the substrate, allowing the enzyme to recognize and bind to it with high specific",17,200,68.8932,2.9,Windows_IrisXe_CPU
33,F16,Science,What is osmosis and how does it differ from diffusion?,"Osmosis is a specific type of diffusion that involves the movement of water molecules across a semipermeable membrane from a region of lower solute concentration to a region of higher solute concentration. This process aims to equalize the solute concentrations on the two sides of the membrane. Osmosis is crucial in biological systems, as it influences the distribution of nutrients and the release of waste products.


The key difference between osmosis and diffusion lies in the substances being transported and the presence of a semipermeable membrane. Diffusion is the process by which molecules move from an area of higher concentration to an area of lower concentration until equilibrium is reached. It can involve any type of molecules, not just water, and does not necessarily require a membrane. In contrast, osmosis specifically refers to the movement of water across a semipermeable membrane and is driven by the concentration",17,200,66.9492,2.99,Windows_IrisXe_CPU
34,F16,Science,Explain the structure and function of the nucleus.,"The nucleus is a membrane-bound organelle found in eukaryotic cells, which are cells that have a defined nucleus and other membrane-bound organelles. It is often referred to as the ""control center"" of the cell due to its crucial role in regulating cellular activities and storing genetic information.

Structure:

1. Nuclear envelope: The nucleus is enclosed by a double-layered membrane called the nuclear envelope, which separates the nucleus from the cytoplasm. The outer membrane is continuous with the endoplasmic reticulum, a network of membranous tubules and sacs involved in protein synthesis and lipid metabolism. The nuclear envelope is perforated by nuclear pores, which are large protein complexes that regulate the passage of molecules between the nucleus and the cytoplasm.

2. Nuc",15,200,65.901,3.03,Windows_IrisXe_CPU
35,F16,Science,What is the difference between aerobic and anaerobic respiration?,"Aerobic and anaerobic respiration are two types of cellular respiration processes that cells use to generate energy, but they differ significantly in their mechanisms, byproducts, and efficiency.

1. Oxygen requirement:
- Aerobic respiration: This process requires oxygen to occur. It takes place in the mitochondria of the cell, where glucose is broken down into carbon dioxide and water, releasing energy in the form of ATP (adenosine triphosphate).
- Anaerobic respiration: This process does not require oxygen. It occurs in the cytoplasm of the cell, where glucose is partially broken down into lactic acid (in animals) or ethanol and carbon dioxide (in yeast and some bacteria), releasing energy in the form of ATP.

2. Energy production:
- Aerobic respiration",21,200,69.0702,2.9,Windows_IrisXe_CPU
36,F16,Science,Explain what a food web is and how energy flows through it.,"A food web is a complex network of interconnected food chains within an ecological community. It illustrates the feeding relationships between different organisms, showing how energy and nutrients are transferred from one organism to another. In a food web, organisms are categorized into different trophic levels based on their feeding habits.

There are several trophic levels in a food web:

1. Producers: These are autotrophic organisms, such as plants and algae, that produce their own food through photosynthesis. They form the base of the food web and are the primary source of energy for all other organisms.

2. Primary consumers: These are herbivores that feed directly on producers. They obtain energy by consuming plant material.

3. Secondary consumers: These are carnivores that feed on primary consumers. They obtain energy by consuming herb",18,200,79.6272,2.51,Windows_IrisXe_CPU
37,F16,Science,What is the nitrogen cycle and why is it important?,"The nitrogen cycle is a biogeochemical cycle that describes the transformations of nitrogen and nitrogen-containing compounds in nature. It is one of Earth's essential nutrient cycles and plays a crucial role in the ecosystem. The cycle involves several key processes:

1. Nitrogen fixation: Nitrogen gas (N2) in the atmosphere is converted into ammonia (NH3) by nitrogen-fixing bacteria, which live in the soil or in the root nodules of leguminous plants. Some nitrogen fixation also occurs through lightning and industrial processes.

2. Nitrification: Ammonia is converted into nitrite (NO2-) and then into nitrate (NO3-) by nitrifying bacteria, such as Nitrosomonas and Nitrobacter.

3. Assimilation:",17,200,71.0203,2.82,Windows_IrisXe_CPU
38,F16,Science,Explain what a chromosome is and how it relates to genes and DNA.,"A chromosome is a long, thread-like structure composed of DNA (deoxyribonucleic acid) and proteins, primarily histones, which are found in the nucleus of eukaryotic cells. Chromosomes carry genetic information in the form of genes, which are specific sequences of DNA that encode instructions for the synthesis of proteins and the regulation of cellular processes.

The relationship between chromosomes, genes, and DNA can be understood as follows:

1. DNA (deoxyribonucleic acid): DNA is a double-stranded molecule that consists of four chemical bases (adenine, thymine, cytosine, and guanine) arranged in a specific sequence. The sequence of these bases forms the genetic code, which determines the traits and characteristics of an organism. DNA is organized into long, linear molecules",23,200,72.8021,2.75,Windows_IrisXe_CPU
39,F16,Science,What is a gene and what does it mean for a gene to be expressed?,"A gene is a fundamental unit of heredity and is a specific sequence of nucleotides within DNA that encodes the synthesis of a gene product, either RNA or a protein. Genes are located on chromosomes and consist of regulatory regions, exons, and introns. The regulatory regions control the expression of the gene, while exons code for the protein, and introns are non-coding sequences that are removed during RNA processing.

Gene expression refers to the process by which the information encoded in a gene is used to produce a functional gene product, typically a protein. This process involves two main steps: transcription and translation. During transcription, the DNA sequence of a gene is copied into a molecule of messenger RNA (mRNA). The mRNA then serves as a template for the synthesis of a protein during translation.

Gene expression can be regulated at multiple levels, including",20,200,70.9882,2.82,Windows_IrisXe_CPU
40,F16,Science,Explain what a mutation is and give an example of how it can affect an organism.,"A mutation is a change in the DNA sequence that makes up a gene. This change can occur due to errors during DNA replication or as a result of environmental factors such as radiation or chemicals. Mutations can be beneficial, neutral, or harmful to an organism, depending on the nature of the change and the environmental context.

An example of how a mutation can affect an organism is the sickle cell anemia mutation. This mutation occurs in the HBB gene, which codes for the beta-globin subunit of hemoglobin, the protein responsible for carrying oxygen in red blood cells. In individuals with sickle cell anemia, a single nucleotide change (a point mutation) in the HBB gene results in the substitution of the amino acid valine for glutamic acid at the sixth position of the beta-globin subunit. This seemingly small change causes the hemoglo",24,200,75.4012,2.65,Windows_IrisXe_CPU
41,F16,Programming_CS,"What is a binary tree and explain what root, leaf, and node mean.","A binary tree is a fundamental data structure used in computer science, consisting of nodes connected by edges. It is called ""binary"" because each node in the tree can have at most two children, commonly referred to as the left child and the right child. Binary trees are widely used in various applications, including searching algorithms (like binary search trees), heap data structures (like binary heaps), and many more.

### Root, Leaf, and Node

In the context of a binary tree, the terms root, leaf, and node have specific meanings:

#### Node
A **node** is the basic unit of a binary tree. It represents an element in the tree and contains data (value) and references to its children. In a binary tree, each node can have at most two children:
- **Left child**: The node that is connected to the current node on the left side.
- **Right child**: The node that is connected",20,200,78.4982,2.55,Windows_IrisXe_CPU
42,F16,Programming_CS,What is a variable in programming? Explain it like I am 10 years old using a box analogy.,"Imagine you have a big box where you can put all sorts of things like toys, books, or even snacks. In programming, a variable is like that box. It's a special box that can hold different things, but instead of toys or snacks, it holds information like numbers, words, or even instructions.

Now, let's say you want to keep track of how many candies you have. You can put the number of candies in the box, and whenever you want to know how many candies you have, you just look inside the box. In programming, you create a variable called ""candies"" and put the number of candies inside it.

But here's the cool part: you can change what's inside the box! If you eat some candies, you can update the box by putting a new number of candies inside. In programming, you can change the value of the variable ""c",28,200,69.921,2.86,Windows_IrisXe_CPU
43,F16,Programming_CS,What is a for loop? Explain it like a chore list.,"Imagine you have a chore list for the week, and you want to make sure you complete all the tasks efficiently without missing any. A for loop is like a smart chore planner that helps you go through each task on your list, one by one, until all chores are done.

Here's how it works:

1. **The Chore List (Initialization)**: You start with your chore list, which is like setting up the for loop. You decide how many chores you have (let's say 7 days in a week, so 7 chores). This is similar to initializing a for loop with a starting point (like `for i = 1 to 7`), where `i` represents each day of the week.

2. **The Daily Task (Loop Condition)**: Each day, you pick a chore from the list. This is like the loop condition in a for",19,200,69.92,2.86,Windows_IrisXe_CPU
44,F16,Programming_CS,Explain what an if statement is in programming using a traffic light analogy.,"An if statement in programming is like a traffic light system at an intersection. Imagine you're driving a car and you approach a traffic light. The traffic light has three colors: red, yellow, and green. Each color represents a different action you should take.

1. Red light: When the traffic light is red, it means ""stop."" In programming, an if statement with a condition that evaluates to true (like ""if (light == 'red')"") would execute a block of code that makes your car stop, such as applying the brakes.

2. Yellow light: When the traffic light turns yellow, it signals that you should prepare to stop. In programming, an if statement with a condition that evaluates to true (like ""if (light == 'yellow')"") would execute a block of code that prepares your car to stop, such as reducing speed or checking for nearby vehicles.

3. Green light: When the traffic",20,200,72.5115,2.76,Windows_IrisXe_CPU
45,F16,Programming_CS,What is a function in programming and why do we use them?,"In programming, a function is a self-contained block of code that encapsulates a specific task or a related group of tasks. Functions are fundamental building blocks in programming languages, allowing developers to create reusable, modular, and maintainable code. Here are some key aspects of functions and their importance:

1. Encapsulation: Functions encapsulate a specific task or a set of related tasks, making the code more organized and easier to understand. By breaking down complex tasks into smaller, manageable functions, developers can focus on one aspect of the problem at a time.

2. Reusability: Functions allow developers to write code once and reuse it multiple times throughout a program. This reduces redundancy and makes the code more maintainable. When a function is called, it executes the same set of instructions every time, making it easier to update the code in one place if needed.

3. Modularity: Functions help",17,200,73.3461,2.73,Windows_IrisXe_CPU
46,F16,Programming_CS,Explain the difference between a while loop and a for loop.,"While loops and for loops are both control flow structures used in programming to repeat a block of code multiple times. However, they differ in their syntax, use cases, and the way they handle the iteration process. Here's a detailed comparison:

### Syntax

**While Loop:**
The syntax of a while loop is straightforward. It checks a condition before executing the loop body.

```python
while condition:
    # Code to execute
```

**For Loop:**
The syntax of a for loop is more structured, designed specifically for iterating over a sequence (like a list, tuple, dictionary, set, or string).

```python
for element in sequence:
    # Code to execute
```

### Use Cases

**While Loop:**
- Used when the number of iterations is not known beforehand.
- Ideal for situations where the loop needs to continue until",17,200,66.6791,3.0,Windows_IrisXe_CPU
47,F16,Programming_CS,What is a list (or array) in programming and how do you access elements in it?,"In programming, a list (or array, depending on the language) is a fundamental data structure that stores a collection of elements (values or variables), typically of the same data type. Lists are ordered, meaning that each element has a specific position or index within the list, starting from 0 for the first element. The ability to access, modify, and manipulate these elements is a core feature of lists.

### Characteristics of Lists

- **Ordered**: Elements in a list are stored in a specific order.
- **Homogeneous**: In many languages, lists are homogeneous, meaning all elements are of the same data type. However, some languages support heterogeneous lists (lists of different data types).
- **Dynamic**: Lists can grow or shrink in size during the execution of a program.
- **Indexed**: Each element in a list can be accessed by its index.

### Accessing",23,200,67.7412,2.95,Windows_IrisXe_CPU
48,F16,Programming_CS,Explain what a bug is in programming and give an example of a common one.,"In programming, a bug refers to an error, flaw, or fault in a computer program that causes it to produce an incorrect or unexpected result, or to behave in unintended ways. Bugs can occur in any phase of the software development lifecycle, from design and coding to testing and deployment. They can be caused by a variety of factors, including mistakes in the program's source code, logic errors, incorrect assumptions, or even hardware malfunctions.

Bugs can range from minor issues that have little impact on the overall functionality of the program to critical errors that can cause the program to crash or produce incorrect results, potentially leading to significant consequences.

Here's an example of a common bug in programming:

Suppose you're writing a program that calculates the average of a list of numbers. The program should take a list of numbers as input, sum them up, and then divide the sum by the number of elements in the list. However",21,200,67.4454,2.97,Windows_IrisXe_CPU
49,F16,Programming_CS,What does it mean to compile a program?,"Compiling a program refers to the process of converting source code, which is written in a high-level programming language, into machine code or an intermediate form that a computer's processor can execute directly. This process is carried out by a compiler, a specialized software tool that translates the human-readable source code into a form that the computer can understand and execute.

The compilation process typically involves several steps:

1. **Lexical Analysis**: The compiler scans the source code and breaks it down into tokens, which are the smallest meaningful elements of the code, such as keywords, identifiers, operators, and literals.

2. **Syntax Analysis**: The compiler checks the tokens against the programming language's grammar rules to ensure that the source code is syntactically correct. This step generates an abstract syntax tree (AST), which represents the hierarchical structure of the source code.

3. **Semantic Analysis",13,200,66.5666,3.0,Windows_IrisXe_CPU
50,F16,Programming_CS,Explain what recursion is with the example of calculating a factorial.,"Recursion is a programming technique where a function calls itself directly or indirectly to solve a problem. This approach is particularly useful for solving problems that can be broken down into smaller, similar subproblems. A classic example of recursion is calculating the factorial of a number.

### Factorial

The factorial of a non-negative integer \(n\), denoted by \(n!\), is the product of all positive integers less than or equal to \(n\). Formally, it's defined as:

\[n! = n \times (n-1) \times (n-2) \times \ldots \times 2 \times 1\]

For example, \(5! = 5 \times 4 \times 3 \times 2 \times 1 = 120\).

### Recursive Approach to Calculate Factorial

To calculate the factorial of a number",18,200,67.1446,2.98,Windows_IrisXe_CPU
51,F16,Programming_CS,What is the difference between a syntax error and a runtime error?,"Syntax errors and runtime errors are two distinct types of errors that can occur in programming, each with its own characteristics and implications. Understanding the difference between them is crucial for debugging and writing efficient code. Here's a detailed explanation of both:

### Syntax Error

A syntax error occurs when the code violates the rules of the programming language. These rules define the correct structure and format of the code. Syntax errors are detected by the compiler (for compiled languages) or the interpreter (for interpreted languages) during the initial phase of the program's execution.

**Characteristics of Syntax Errors:**

- **Detected at Compile Time (for compiled languages) or Interpretation Time (for interpreted languages):** The compiler or interpreter checks the code against the language's syntax rules and reports errors when it finds discrepancies.
- **Prevents Execution:** Since syntax errors violate the language's rules",17,200,66.5808,3.0,Windows_IrisXe_CPU
52,F16,Programming_CS,Explain what a stack data structure is and give an example of its use.,"A stack data structure is a linear data structure that follows a particular order in which operations are performed. The order is typically referred to as Last In, First Out (LIFO). This means that the last element added to the stack will be the first one to be removed. Stacks are used in various applications, including memory management, expression evaluation, and backtracking algorithms.

A stack has two primary operations:

1. Push: Adds an element to the top of the stack.
2. Pop: Removes and returns the top element from the stack.

In addition to these two primary operations, stacks may also support other operations such as peek (to view the top element without removing it) and isEmpty (to check if the stack is empty).

Stacks can be implemented using arrays or linked lists. Here's an example of a stack implemented using a linked list in Python:

```python
class Node:",20,200,68.957,2.9,Windows_IrisXe_CPU
53,F16,Programming_CS,What is a queue data structure and how does it differ from a stack?,"A queue is a linear data structure that follows the First-In-First-Out (FIFO) principle, meaning that the first element added to the queue will be the first one to be removed. It can be visualized as a line of people waiting for a service, where the person who arrives first is served first.

A queue has two main operations:

1. Enqueue: This operation adds an element to the rear of the queue.
2. Dequeue: This operation removes an element from the front of the queue.

In contrast, a stack is a linear data structure that follows the Last-In-First-Out (LIFO) principle, meaning that the last element added to the stack will be the first one to be removed. It can be visualized as a stack of plates, where the last plate placed on top is the first one to be removed.

A stack has two main operations:

1. P",19,200,69.3213,2.89,Windows_IrisXe_CPU
54,F16,Programming_CS,Explain what a linked list is.,"A linked list is a fundamental data structure in computer science, used to store collections of elements in a sequential manner. Unlike arrays, linked lists do not require contiguous memory locations. Instead, each element (commonly referred to as a ""node"") in a linked list contains two items: the data and a reference (or ""link"") to the next node in the sequence. This structure allows for efficient insertions and deletions, as it only requires updating the links between nodes rather than shifting elements as in an array.

There are two primary types of linked lists:

1. **Singly Linked List**: Each node has a single link to the next node in the sequence. The last node points to `null`, indicating the end of the list. This type of linked list allows traversal in only one direction, from the head (the first node) to the tail (the last node).

2. **Doubly Linked List",12,200,96.9213,2.06,Windows_IrisXe_CPU
55,F16,Programming_CS,What is a hash table and how does it work?,"A hash table, also known as a hash map, is a data structure that implements an associative array, a structure that can map keys to values. It uses a hash function to compute an index into an array of buckets or slots, from which the desired value can be found. The efficiency of a hash table comes from its ability to perform insertions, deletions, and lookups in average constant time complexity, O(1), under ideal conditions.

Here's how a hash table works:

1. **Hash Function**: The core component of a hash table is the hash function. It takes a key as input and computes an integer, which is then used as an index to store or retrieve the corresponding value. The goal of a good hash function is to distribute keys uniformly across the array of buckets, minimizing collisions (i.e., different keys producing the same index).

2. **Array of Buckets**:",15,200,73.6798,2.71,Windows_IrisXe_CPU
56,F16,Programming_CS,Explain what a graph data structure is and give a real-world example.,"A graph data structure is a collection of nodes (also called vertices) and edges that connect pairs of nodes. It is a versatile and powerful way to represent relationships and connections between different entities. Graphs can be used to model various real-world scenarios, such as social networks, transportation systems, and computer networks.

There are two primary types of graphs:

1. Undirected graph: In this type of graph, the edges have no direction, meaning that the relationship between two nodes is bidirectional.
2. Directed graph (or digraph): In this type of graph, the edges have a direction, meaning that the relationship between two nodes is unidirectional.

Graphs can be represented in various ways, such as adjacency matrices, adjacency lists, or edge lists. Each representation has its advantages and disadvantages, depending on the specific use case.

Real-world example: Social Networks",20,200,75.4032,2.65,Windows_IrisXe_CPU
57,F16,Programming_CS,What is a sorting algorithm? Explain bubble sort.,"A sorting algorithm is a method used to rearrange a sequence of elements (such as numbers or strings) into a specific order, typically ascending or descending. The efficiency of a sorting algorithm is often measured in terms of its time complexity (how the time to sort grows with the size of the input) and space complexity (how much additional memory is needed).

Bubble Sort is a simple comparison-based sorting algorithm. It works by repeatedly swapping adjacent elements if they are in the wrong order, until the entire list is sorted. Here's a step-by-step explanation of how Bubble Sort works:

1. **Initialization**: Start with the first element in the list.

2. **Comparison and Swapping**: Compare the current element with the next element. If the current element is greater than the next element (for ascending order), swap them. This step ensures that the largest element ""bubbles up""",16,200,75.9233,2.63,Windows_IrisXe_CPU
58,F16,Programming_CS,Explain how merge sort works.,"Merge Sort is a Divide and Conquer algorithm that was invented by John von Neumann in 1945. It divides the input array into two halves, calls itself for the two halves, and then merges the two sorted halves. The merge() function is used for merging two halves. The merge(arr, l, m, r) is a key process that assumes that arr[l..m] and arr[m+1..r] are sorted and merges the two sorted sub-arrays into one.

Here's a step-by-step explanation of how Merge Sort works:

### 1. Divide
The array is divided into two halves. If the array contains only one element or is empty, it is considered sorted.

### 2. Conquer
The two halves are sorted recursively using Merge Sort.

### 3",11,200,71.5468,2.8,Windows_IrisXe_CPU
59,F16,Programming_CS,What is quicksort and how does it work?,"Quicksort is a highly efficient sorting algorithm that follows the divide-and-conquer principle. It was developed by Tony Hoare in 1960 and is still widely used due to its efficiency in practice. Quicksort works by selecting a 'pivot' element from the array and partitioning the other elements into two sub-arrays, according to whether they are less than or greater than the pivot. The sub-arrays are then sorted recursively. This process continues until the base case of an empty or a single-element array is reached, which is inherently sorted.

Here's a step-by-step explanation of how Quicksort works:

1. **Choose a Pivot**: The first step in Quicksort is to select a pivot element from the array. The choice of pivot can vary, but a common approach is to select the middle element, or the first or last element of the array.

2. **Part",14,200,71.2514,2.81,Windows_IrisXe_CPU
60,F16,Programming_CS,Explain what binary search is and why it is faster than linear search.,"Binary search is a highly efficient algorithm for finding a target value within a sorted array. Unlike linear search, which scans each element sequentially until the target is found or the end of the array is reached, binary search operates on the principle of divide and conquer. This method significantly reduces the number of comparisons needed to find the target value, making it faster than linear search, especially for large datasets.

### How Binary Search Works

1. **Initialization**: Start with the entire array.
2. **Divide**: Find the middle element of the array.
3. **Compare**:
   - If the middle element is equal to the target, the search is successful.
   - If the target is less than the middle element, repeat the search on the left half of the array.
   - If the target is greater than the middle element, repeat the search on the right half of the array.
4. **",19,200,73.2839,2.73,Windows_IrisXe_CPU
61,F16,Humanities,What is the bystander effect and what causes it?,"The bystander effect is a social psychological phenomenon that refers to cases where individuals do not offer help to a victim when other people are present. The likelihood of help is inversely related to the number of bystanders. In other words, the more people who are present, the less likely it is that any one of them will help.


Several factors contribute to the bystander effect:


1. **Diffusion of Responsibility**: When multiple bystanders are present, the responsibility to act is perceived to be shared among all those present. This can lead to a decrease in the pressure on any single individual to intervene.


2. **Social Influence**: Individuals in a group monitor the behavior of those around them to determine how to act. If bystanders are passive, an individual may interpret the situation as non-emergency and refrain from acting.",16,200,75.5273,2.65,Windows_IrisXe_CPU
62,F16,Humanities,Explain the main causes of World War I using the MAIN acronym.,"The MAIN causes of World War I are:

1. Militarism: The arms race and the belief in military power as a means to achieve national goals led to increased tensions among European powers.
2. Alliances: The complex system of alliances between countries, such as the Triple Entente (France, Russia, and the United Kingdom) and the Triple Alliance (Germany, Austria-Hungary, and Italy), created a web of obligations that escalated the conflict.
3. Imperialism: Competition for colonies and resources heightened rivalries among European powers, particularly between Germany and Britain.
4. Nationalism: Intense national pride and desire for independence among various ethnic groups, such as the Slavs in the Balkans, fueled tensions and conflicts within and between nations.

These factors combined to create a volatile environment that ultimately led to the outbreak of",21,200,76.3919,2.62,Windows_IrisXe_CPU
63,F16,Humanities,What was the significance of the French Revolution and its key outcomes?,"The French Revolution, which took place from 1789 to 1799, was a significant event in world history that had far-reaching consequences. Its significance lies in its impact on the political, social, and cultural landscape of France and the world. Here are some key outcomes and significance of the French Revolution:

1. End of Absolute Monarchy: The French Revolution marked the end of the absolute monarchy in France, which had been in place for centuries. King Louis XVI was executed, and the monarchy was replaced by a republic.

2. Rise of Nationalism: The French Revolution fostered a sense of nationalism among the French people, as they fought for their rights and freedoms. This idea of nationalism spread throughout Europe and the world, inspiring other nations to seek independence and self-determination.

3. Declaration of the Rights of Man and Citizen: The French Revolution led to",18,200,72.7965,2.75,Windows_IrisXe_CPU
64,F16,Humanities,Explain what the Industrial Revolution was and how it changed society.,"The Industrial Revolution was a period of major industrialization and innovation that took place during the late 1700s and early 1800s. It began in Great Britain and later spread to other parts of the world, including Europe, North America, and eventually Asia. The Industrial Revolution marked a significant shift from agrarian and handcraft-based economies to ones dominated by industry and machine manufacturing.

The Industrial Revolution brought about several key changes that transformed society in various ways:

1. Technological advancements: The development of new machines and technologies, such as the steam engine, power loom, and spinning jenny, revolutionized the way goods were produced. These innovations increased productivity and efficiency, allowing for mass production and the growth of industries like textiles, iron, and coal mining.

2. Urbanization: As factories and industries grew, people migrated from",18,200,73.5873,2.72,Windows_IrisXe_CPU
65,F16,Humanities,What was the Cold War and the main tensions between the USA and USSR?,"The Cold War was a period of geopolitical tension and ideological rivalry between the United States (USA) and the Soviet Union (USSR) that lasted from the end of World War II in 1945 until the dissolution of the Soviet Union in 1991. It was characterized by a state of political and military tension, but it did not escalate into direct large-scale fighting between the two superpowers, hence the term ""cold.""

The main tensions between the USA and USSR during the Cold War can be summarized as follows:

1. Ideological differences: The USA was a capitalist democracy, while the USSR was a communist state. The two countries had fundamentally different political and economic systems, which led to mutual suspicion and hostility.

2. Nuclear arms race: Both the USA and USSR invested heavily in",21,200,73.6154,2.72,Windows_IrisXe_CPU
66,F16,Humanities,Explain the causes and consequences of the Atlantic Slave Trade.,"The Atlantic Slave Trade, also known as the Transatlantic Slave Trade, was a period from the 16th to the 19th century when millions of Africans were forcibly transported to the Americas and the Caribbean to work as slaves. The causes and consequences of this trade were complex and far-reaching.

Causes:

1. Economic factors: The rise of European colonial powers in the Americas created a demand for labor to cultivate cash crops such as sugar, tobacco, and cotton. African slaves were seen as a cheap and abundant labor force, as they were already familiar with agricultural practices.

2. Social factors: The existing social structures in Africa, such as tribal conflicts and rivalries, made it easier for European slave traders to capture and sell people as slaves.

3. Technological advancements: The development of ships and",17,200,69.8308,2.86,Windows_IrisXe_CPU
67,F16,Humanities,What was the significance of the Magna Carta?,"The Magna Carta, also known as the Great Charter, was a document signed by King John of England in 1215. It is considered one of the most significant legal documents in the history of democracy and has had a profound influence on the development of constitutional law, particularly in England and the United States.

The significance of the Magna Carta lies in its role in limiting the power of the monarchy and establishing the principle that everyone, including the king, is subject to the law. Here are some key aspects of its significance:

1. Rule of law: The Magna Carta established the principle that the king and his government were not above the law. It required the king to govern according to the established laws and customs, and it protected the rights of the barons and other free men from arbitrary actions by the king.

2. Protection of individual rights: The Magna Carta contained provisions",15,200,71.4292,2.8,Windows_IrisXe_CPU
68,F16,Humanities,Explain what colonialism is and how it affected Africa and Asia.,"Colonialism refers to the practice of acquiring full or partial political control over another country, occupying it with settlers, and exploiting it economically. This phenomenon was prevalent from the 15th to the 20th centuries, primarily driven by European powers such as Britain, France, Spain, Portugal, and the Netherlands.

The impact of colonialism on Africa and Asia was profound and far-reaching, with both positive and negative consequences.

Positive impacts:

1. Infrastructure development: Colonial powers built roads, railways, ports, and other infrastructure to facilitate resource extraction and trade. This infrastructure laid the foundation for modern transportation and communication networks in many African and Asian countries.

2. Education and healthcare: Colonial powers introduced Western education and healthcare systems, which led to improvements in literacy rates and public health. Some schools and hospitals established during",18,200,75.5475,2.65,Windows_IrisXe_CPU
69,F16,Humanities,What were the main causes of World War II?,"The main causes of World War II can be broadly categorized into political, economic, and social factors, which were interconnected and built upon the outcomes of World War I. Here are the key causes:

1. Treaty of Versailles (1919): The harsh terms imposed on Germany after World War I, including significant territorial losses, military restrictions, and heavy reparations, created resentment and economic hardship, which contributed to the rise of Adolf Hitler and the Nazi Party.

2. Rise of totalitarian regimes: The emergence of totalitarian regimes in Germany, Italy, and Japan, led by Adolf Hitler, Benito Mussolini, and Emperor Hirohito, respectively, played a significant role in the outbreak of the war. These leaders pursued aggressive expansionist policies and sought to establish their dominance in Europe and Asia.

3. Appe",14,200,73.5002,2.72,Windows_IrisXe_CPU
70,F16,Humanities,Explain the importance of the Renaissance period.,"The Renaissance period, which spanned roughly from the 14th to the 17th century, was a pivotal era in human history that marked a significant shift in cultural, intellectual, and artistic developments. Its importance can be understood through several key aspects:

1. Revival of classical learning and values: The Renaissance was characterized by a renewed interest in the classical knowledge and values of ancient Greece and Rome. This revival of classical learning led to the development of humanism, a philosophical movement that emphasized the importance of human potential and achievements. Humanism encouraged critical thinking, individualism, and a focus on the human experience, which had a profound impact on various aspects of society.

2. Advancements in art and architecture: The Renaissance period witnessed a remarkable transformation in the fields of art and architecture. Artists such as Leonardo da Vinci, Michelangelo, and Raphael created master",13,200,72.8714,2.74,Windows_IrisXe_CPU
71,F16,Humanities,What was the significance of the Civil Rights Movement in the USA?,"The Civil Rights Movement in the United States, which spanned from the mid-1950s to the late 1960s, was a pivotal period in American history that sought to end racial segregation and discrimination against African Americans and to secure legal recognition and federal protection of the citizenship rights enumerated in the Constitution and federal law.


The significance of the Civil Rights Movement can be understood in several key areas:


1. Legal and Legislative Achievements: The movement led to landmark legislation, including the Civil Rights Act of 1964, which prohibited discrimination on the basis of race, color, religion, sex, or national origin, and the Voting Rights Act of 1965, which outlawed discriminatory voting practices that had been responsible for widespread disenfranchisement of African Americans.


2.",18,200,73.5484,2.72,Windows_IrisXe_CPU
72,F16,Humanities,Explain what the Holocaust was and how it happened.,"The Holocaust, also known as the Shoah, was a genocide that took place during World War II, from 1941 to 1945, in which approximately six million Jews were systematically murdered by the Nazi regime and its collaborators. The Holocaust was orchestrated by Adolf Hitler and the leaders of Nazi Germany, who sought to eliminate what they considered to be the ""Jewish problem"" and to establish a racially pure Aryan state.

The Holocaust began with the Nazis' rise to power in Germany in 1933, when Hitler and the National Socialist German Workers' Party (Nazi Party) implemented a series of anti-Semitic policies, including the Nuremberg Laws, which stripped Jews of their citizenship and civil rights. As the Nazis gained control over Germany and its territories, they began to implement their racial ide",17,200,70.7214,2.83,Windows_IrisXe_CPU
73,F16,Humanities,What was the significance of the Berlin Wall?,"The Berlin Wall was a significant symbol of the Cold War, representing the ideological divide between the communist East and the capitalist West. Constructed in 1961 by the German Democratic Republic (East Germany), the wall physically and ideologically separated East and West Berlin. Its primary purpose was to prevent East Germans from fleeing to the West, which had been a major issue for the East German government.

The significance of the Berlin Wall can be summarized in the following points:

1. Symbol of the Cold War: The Berlin Wall was a tangible representation of the ideological conflict between the United States and its allies (the West) and the Soviet Union and its satellite states (the East). It stood as a stark reminder of the division between the two superpowers and their respective political systems.

2. Division of Germany: The wall divided the city of Berlin into two separate entities, with East Berlin controlled by",13,200,69.7824,2.87,Windows_IrisXe_CPU
74,F16,Humanities,Explain what apartheid was in South Africa.,"Apartheid was a system of institutionalized racial segregation and discrimination that existed in South Africa from 1948 until the early 1990s. The term ""apartheid"" comes from the Afrikaans word meaning ""apartness"" or ""separateness."" It was a policy implemented by the National Party government, which came to power in 1948, and it was designed to maintain white minority rule over the majority non-white population, which included Black Africans, Coloureds (people of mixed race), and Indians.

Under apartheid, the South African population was classified into four racial groups: White, Black, Coloured, and Indian. Each group had different rights and privileges, with the White minority enjoying the most extensive rights and freedoms. The system was characterized by a series of laws and regulations that enforced racial segregation in all",14,200,69.8692,2.86,Windows_IrisXe_CPU
75,F16,Humanities,What was the significance of the Russian Revolution?,"The Russian Revolution, which took place in 1917, was a significant event in world history for several reasons:

1. End of the Tsarist regime: The revolution led to the collapse of the centuries-old Romanov dynasty and the abdication of Tsar Nicholas II, ending centuries of autocratic rule in Russia.

2. Rise of the Soviet Union: The revolution paved the way for the establishment of the world's first socialist state, the Soviet Union, which was based on Marxist principles. The Soviet Union would go on to become a major global power, influencing world politics and economics for much of the 20th century.

3. Spread of communism: The success of the Russian Revolution inspired communist movements around the world, leading to the formation of communist parties in various countries and the spread of communist ideology.

4. Impact on World War I:",13,200,69.9968,2.86,Windows_IrisXe_CPU
76,F16,Humanities,Explain what the Great Depression was and what caused it.,"The Great Depression was a severe worldwide economic downturn that lasted from 1929 to the late 1930s. It began in the United States after the stock market crash of October 1929, which sent Wall Street into a panic and wiped out millions of investors. The Great Depression was the longest, deepest, and most widespread depression of the 20th century.

Several factors contributed to the onset of the Great Depression:

1. Stock Market Crash of 1929: The stock market crash, also known as Black Tuesday, was the primary trigger of the Great Depression. Investors lost confidence in the stock market, leading to a massive sell-off of shares. The crash wiped out billions of dollars of wealth, causing a ripple effect throughout the economy.

2. Bank Fail",17,200,70.4895,2.84,Windows_IrisXe_CPU
77,F16,Humanities,What was the New Deal and what was it designed to do?,"The New Deal was a series of programs, public work projects, financial reforms, and regulations enacted by President Franklin D. Roosevelt in the United States between 1933 and 1939. It was designed to provide relief for the unemployed and poor, recovery of the economy to normal levels, and reform of the financial system to prevent a repeat depression.

The New Deal had three main goals, often referred to as the ""Three Rs"":

1. Relief: Providing immediate assistance to those suffering from the effects of the Great Depression, including the unemployed, the elderly, and the poor.
2. Recovery: Implementing policies and programs to stimulate economic growth and restore confidence in the financial system.
3. Reform: Implementing long-term changes to prevent future economic crises and protect the American people from the negative effects of such events",18,200,70.666,2.83,Windows_IrisXe_CPU
78,F16,Humanities,Explain what imperialism is.,"Imperialism is a policy or ideology by which a nation extends its power and influence over other countries, either by force or by establishing economic and political dominance. This expansion is often achieved through colonization, military conquest, or the establishment of economic and political control over other territories.

The concept of imperialism has been a significant force in world history, shaping the political, economic, and social landscapes of many regions. It has been driven by various factors, including the desire for resources, strategic advantages, and the spread of cultural, religious, or political beliefs.

There are several forms of imperialism, including:

1. Colonial imperialism: This form of imperialism involves the establishment of colonies in foreign territories, where the imperial power exerts control over the local population and resources. Examples of colonial imperialism include the British Empire's colonization of India, Africa, and parts of the Americas",11,200,69.3732,2.88,Windows_IrisXe_CPU
79,F16,Humanities,What was the significance of the Enlightenment?,"The Enlightenment, also known as the Age of Reason, was a significant intellectual and philosophical movement that took place primarily in Europe during the 17th and 18th centuries. It had a profound impact on various aspects of society, including politics, science, religion, and culture. Here are some key reasons why the Enlightenment was so significant:

1. Emphasis on reason and rationality: The Enlightenment thinkers believed that human reason and logic could be used to understand and improve the world. This emphasis on reason led to the development of new scientific methods and discoveries, as well as a more critical approach to traditional beliefs and institutions.

2. Challenging traditional authority: The Enlightenment challenged the authority of monarchs, the Church, and other traditional institutions. Thinkers like John Locke and Voltaire advocated for the separation of church and state, and the idea that",15,200,70.1503,2.85,Windows_IrisXe_CPU
80,F16,Humanities,Explain what the Reformation was and why it happened.,"The Reformation was a major religious movement that took place in Europe during the 16th century, which led to the establishment of Protestantism and the division of Christianity into Catholic and Protestant branches. It began in 1517 when Martin Luther, a German monk and theologian, published his ""95 Theses,"" which criticized the Roman Catholic Church's practices, particularly the sale of indulgences.

Several factors contributed to the Reformation:

1. Corruption within the Catholic Church: The Church was perceived as corrupt, with clergy members engaging in immoral behavior, such as simony (buying and selling church positions), nepotism, and living lavish lifestyles. The sale of indulgences, which were supposed to reduce the time spent in purgatory, was seen as a way for the Church to exploit the faithful.

2. Rise of",16,200,73.0948,2.74,Windows_IrisXe_CPU
81,F16,Metacognition,Explain how to manage your time effectively during exam revision.,"Managing your time effectively during exam revision is crucial to ensure that you cover all the necessary topics and perform well in your exams. Here are some tips to help you manage your time effectively:

1. Set clear goals: Start by setting clear and achievable goals for your revision. Break down the topics you need to cover and set a timeline for each topic.

2. Create a revision schedule: Create a revision schedule that allocates specific time slots for each topic. Be realistic about how much time you need to spend on each topic and stick to your schedule.

3. Prioritize topics: Prioritize the topics that you find most challenging or that carry more weightage in the exam. Allocate more time to these topics in your revision schedule.

4. Use a timer: Use a timer to keep track of your study sessions. Set a timer for 25-30 minutes and focus on studying during that",16,200,72.4086,2.76,Windows_IrisXe_CPU
82,F16,Metacognition,Explain what metacognition means and why it helps learning.,"Metacognition refers to the awareness and understanding of one's own thought processes. It involves thinking about thinking, or being aware of one's cognitive processes, such as planning, monitoring, and evaluating one's learning strategies and performance. Metacognition is often divided into two main components: metacognitive knowledge and metacognitive regulation.

Metacognitive knowledge refers to one's understanding of their own cognitive abilities, strategies, and the factors that influence their learning. This includes knowledge about the task at hand, one's own strengths and weaknesses, and the effectiveness of different learning strategies.

Metacognitive regulation, on the other hand, involves the ability to control and manage one's cognitive processes. This includes planning, monitoring, and evaluating one's learning strategies and performance. Planning involves setting goals and selecting appropriate strategies to achieve",18,200,73.4322,2.72,Windows_IrisXe_CPU
83,F16,Metacognition,What is spaced repetition and why is it effective?,"Spaced repetition is a learning technique that involves increasing intervals of time between subsequent review of previously learned material to exploit the psychological spacing effect. The effectiveness of spaced repetition lies in its ability to enhance long-term memory retention and recall. Here's why it's effective:

1. Encoding and consolidation: When information is reviewed at spaced intervals, it allows the brain to encode and consolidate the information more effectively. This process strengthens the neural connections associated with the learned material, making it easier to retrieve later.

2. Reduced cognitive load: Spaced repetition helps to reduce cognitive load by breaking down the learning process into smaller, more manageable chunks. This allows learners to focus on understanding and retaining the information, rather than trying to memorize everything at once.

3. Preventing forgetting: The spacing effect is based on the observation that",16,200,79.0115,2.53,Windows_IrisXe_CPU
84,F16,Metacognition,Explain the Pomodoro technique.,"The Pomodoro Technique is a time management method developed by Francesco Cirillo in the late 1980s. It is designed to enhance productivity and focus by breaking work into intervals, traditionally 25 minutes in length, separated by short breaks. Here's a step-by-step explanation of the technique:

1. Choose a task: Begin by selecting a task or project that you want to work on.

2. Set the Pomodoro timer: Set a timer for 25 minutes, which is the standard length of a Pomodoro session.

3. Work on the task: Focus solely on the chosen task for the duration of the Pomodoro session. Avoid distractions and interruptions during this time.

4. Take a short break: Once the timer goes off, take a short break of 5 minutes. Use this time to relax, stretch, or do",12,200,71.4187,2.8,Windows_IrisXe_CPU
85,F16,Metacognition,What is active recall?,"Active recall is a cognitive strategy used to improve memory and learning. It involves actively stimulating memory during the learning process through activities like self-quizzing, summarizing information, or teaching the material to someone else. This technique is based on the testing effect, which suggests that the act of retrieving information from memory strengthens the memory and makes it more likely to be recalled in the future.


Active recall is often contrasted with passive review, where information is reviewed without actively trying to recall it. For example, simply rereading notes is a passive review, while creating flashcards and trying to recall the answers without looking is an active recall strategy.


The effectiveness of active recall comes from the fact that it forces the brain to work harder to retrieve information, which strengthens the neural connections associated with that information. This makes it a powerful tool for students, professionals, and anyone looking to improve their memory and learning capabilities",9,200,70.0645,2.85,Windows_IrisXe_CPU
86,F16,Metacognition,Explain interleaving in studying.,"Interleaving in studying refers to a learning strategy that involves mixing different topics or subjects while studying, rather than focusing on one topic at a time in a linear fashion. This approach is based on the idea that by switching between different subjects, learners can improve their ability to differentiate between concepts, enhance their problem-solving skills, and increase their retention of information.

The concept of interleaving is rooted in cognitive psychology, and it is believed to be more effective than blocked practice, where learners focus on one topic or subject for an extended period before moving on to the next. Interleaving helps learners to make connections between different concepts, and it encourages them to think critically and apply their knowledge in various contexts.

Here are some key benefits of interleaving in studying:

1. Improved retention: Interleaving helps learners to better retain information by forcing them to recall and apply knowledge",12,200,69.6851,2.87,Windows_IrisXe_CPU
87,F16,Metacognition,What is the difference between surface and deep learning?,"Surface learning and deep learning are terms that can be interpreted in different contexts, but when discussing machine learning and artificial intelligence, they refer to different approaches to learning from data. Here's a detailed comparison:

1. Surface Learning (Surface Learning):

Surface learning is not a specific term in machine learning or artificial intelligence. However, if we consider it in a broader context, it could refer to a superficial or shallow approach to learning, where the focus is on memorizing facts, rules, or patterns without understanding the underlying principles or concepts. In the context of machine learning, this could be analogous to using simple models or algorithms that only capture surface-level patterns in the data without truly understanding the complexities or relationships within the data.

2. Deep Learning:

Deep learning, on the other hand, is a subfield of machine learning that focuses on training artificial neural networks with multiple layers (hence",14,200,69.6792,2.87,Windows_IrisXe_CPU
88,F16,Metacognition,Explain the growth versus fixed mindset.,"The concepts of growth mindset and fixed mindset were popularized by psychologist Carol Dweck. These mindsets refer to the underlying beliefs individuals hold about their abilities and intelligence, which in turn influence their motivation, learning, and achievement.

Fixed Mindset:
A fixed mindset is the belief that one's abilities, intelligence, and talents are fixed traits that cannot be changed or developed. People with a fixed mindset tend to believe that their success or failure is determined by their innate abilities, and they often avoid challenges, give up easily, and see effort as fruitless. They may also feel threatened by the success of others, as it may imply that their own abilities are lacking.

Characteristics of a fixed mindset include:
1. Belief that intelligence and talent are fixed traits
2. Avoidance of challenges and new experiences
3. Fear of failure and criticism",13,200,66.5217,3.01,Windows_IrisXe_CPU
89,F16,Metacognition,What is elaborative interrogation?,"Elaborative interrogation is a cognitive strategy used to enhance learning and memory. It involves asking oneself explanatory questions about the material being studied, which helps to integrate new information with existing knowledge. This technique encourages deeper processing of the information, making it more meaningful and easier to recall later.

The process of elaborative interrogation typically involves the following steps:

1. Read or learn new information: When encountering new information, whether it's a concept, fact, or idea, you should try to understand it thoroughly.
2. Generate explanatory questions: Ask yourself questions that require you to explain the new information in your own words, or relate it to something you already know. For example, if you're learning about the water cycle, you might ask yourself, ""Why does water evaporate from the Earth's surface?"" or ""How does the water cycle relate to the weather patterns we experience?""
3.",12,200,70.9234,2.82,Windows_IrisXe_CPU
90,F16,Metacognition,Explain the Feynman technique.,"The Feynman Technique, named after the renowned physicist Richard Feynman, is a powerful method for learning and understanding complex concepts. It involves four key steps, designed to simplify and deeply understand a subject matter. Here's a detailed explanation of each step:

1. Choose a concept: Select a topic or concept that you want to learn or understand better. This could be a scientific principle, a mathematical formula, a historical event, or any other subject matter.

2. Teach it to a child: Imagine you are explaining the chosen concept to a child who has no prior knowledge of the subject. This step forces you to break down the concept into its most basic and fundamental elements, using simple language and clear examples. The goal is to identify the core ideas and essential components of the concept.

3. Identify gaps in your understanding: As you teach the concept to the hypothetical child, you will likely encounter",12,200,68.5541,2.92,Windows_IrisXe_CPU
91,F16,Metacognition,What is the difference between recognition and recall?,"Recognition and recall are two different types of memory retrieval processes.

Recognition refers to the ability to identify previously encountered information when it is presented again. In recognition tasks, individuals are presented with a set of options and must choose the one that matches the information they previously learned. For example, in a multiple-choice test, a student is asked to recognize the correct answer from a list of options. Recognition is generally considered to be an easier and more accurate form of memory retrieval than recall because the presence of cues or options can help trigger the memory.

Recall, on the other hand, involves retrieving information from memory without the presence of cues or options. It requires the individual to generate the information from memory on their own. Recall tasks can be more challenging than recognition tasks because they rely solely on the individual's ability to retrieve the information without any external aids. Examples of recall tasks include filling in the blanks",13,200,68.6815,2.91,Windows_IrisXe_CPU
92,F16,Metacognition,Explain what retrieval practice is and why it works.,"Retrieval practice, also known as the testing effect, is a learning strategy that involves recalling information from memory rather than simply re-reading or reviewing it. This technique has been shown to significantly enhance long-term retention and understanding of the material.

There are several reasons why retrieval practice works:

1. Strengthening memory traces: Retrieval practice strengthens the neural connections associated with the information being recalled. Each time a memory is retrieved, it becomes more robust and easier to access in the future.

2. Eliminating interference: Retrieval practice helps to reduce interference from other information, which can make it difficult to remember specific details. By actively recalling information, learners can better differentiate between related concepts and reduce confusion.

3. Enhancing metacognition: Retrieval practice encourages learners to think about their own knowledge and understanding, which can lead to deeper learning. This metac",16,200,69.4668,2.88,Windows_IrisXe_CPU
93,F16,Metacognition,What is the testing effect?,"The testing effect, also known as retrieval practice or test-enhanced learning, is a psychological phenomenon that refers to the improved long-term retention of information as a result of being tested on that information. This effect suggests that the act of recalling information from memory, as opposed to merely re-reading or reviewing it, strengthens the memory and makes it more likely to be remembered in the future.

The testing effect has been demonstrated in numerous studies across various age groups and educational contexts. It has been found that students who engage in regular testing or practice quizzes tend to perform better on exams and retain information more effectively than those who rely solely on passive study methods, such as rereading or highlighting.

There are several reasons why the testing effect occurs:

1. Retrieval practice strengthens memory: When you retrieve information from memory, it creates stronger neural connections, making it easier to recall the information later",10,200,69.0219,2.9,Windows_IrisXe_CPU
94,F16,Metacognition,Explain what desirable difficulties are in learning.,"Desirable difficulties are learning conditions or strategies that, while initially making the learning process more challenging, ultimately enhance long-term retention and understanding. The concept was introduced by Robert A. Bjork, a cognitive psychologist, who argued that introducing certain challenges into the learning process can improve the ability to retrieve information later on.

The idea behind desirable difficulties is that when learners encounter challenges, they must engage more deeply with the material, leading to better encoding and consolidation of information in memory. These difficulties can take various forms, such as:

1. Spacing: Instead of cramming information in a single session, learners should space out their study sessions over time. This technique, known as spaced repetition, has been shown to improve long-term retention.

2. Interleaving: Mixing different topics or types of problems within a single study session can help learners develop better disc",14,200,66.2836,3.02,Windows_IrisXe_CPU
95,F16,Metacognition,What is the difference between massed and distributed practice?,"Massed practice and distributed practice are two different approaches to learning and skill acquisition, each with its own advantages and disadvantages.

Massed practice, also known as cramming, refers to the practice of studying or practicing a skill intensively over a short period of time. This approach involves concentrating on a single task or subject for an extended period without breaks. The main advantage of massed practice is that it allows learners to cover a large amount of material in a short time. However, it often leads to quick forgetting and poor long-term retention of the learned material.

Distributed practice, on the other hand, involves spreading out learning sessions over a longer period of time, with breaks in between. This approach is also known as spaced repetition or spaced learning. Distributed practice allows learners to rest and consolidate their knowledge between practice sessions, which can lead to better long-term retention and improved performance",15,200,62.7653,3.19,Windows_IrisXe_CPU
96,F16,Metacognition,Explain what a learning objective is and how to write one.,"A learning objective is a clear, concise, and measurable statement that outlines what a learner will know or be able to do as a result of a learning activity or instructional experience. It serves as a guide for both the instructor and the learner, providing a clear focus and direction for the learning process.

Here are some key elements to consider when writing a learning objective:

1. Specificity: A learning objective should be specific and focused, clearly stating what the learner will be able to do or understand. Avoid vague or general statements.

2. Measurability: A learning objective should be measurable, meaning that it can be assessed or evaluated to determine if the learner has achieved the desired outcome.

3. Alignment: The learning objective should align with the overall goals and objectives of the course or program, as well as the learner's needs and prior knowledge.

4. Action-",17,200,70.3646,2.84,Windows_IrisXe_CPU
97,F16,Metacognition,What is self-regulated learning?,"Self-regulated learning (SRL) refers to the process by which individuals take control of and evaluate their own learning and behavior. This concept involves a set of cognitive, metacognitive, and motivational components that enable learners to plan, set goals, monitor their progress, and adjust their strategies to achieve their learning objectives.

Key components of self-regulated learning include:

1. **Behavioral regulation**: This involves the ability to manage one's actions and behaviors to achieve learning goals. It includes setting specific goals, managing time effectively, and organizing study materials.

2. **Cognitive regulation**: This component focuses on the mental processes involved in learning, such as planning, monitoring, and evaluating one's understanding and performance. Cognitive strategies include self-questioning, summarizing, and elaboration.

3. **Metacognitive regulation**:",12,200,69.8426,2.86,Windows_IrisXe_CPU
98,F16,Metacognition,Explain what a study schedule is and how to build one.,"A study schedule is a structured plan that outlines the time and resources allocated for studying specific subjects or topics. It helps individuals manage their time effectively, prioritize tasks, and achieve their academic goals. Building a study schedule involves several steps:

1. Identify your goals: Determine your short-term and long-term academic goals, such as grades, course completion, or exam preparation. This will help you understand the purpose of your study schedule.

2. Assess your current situation: Evaluate your current study habits, strengths, and weaknesses. Consider your daily routine, workload, and other commitments.

3. Break down your subjects: Divide your subjects into manageable chunks, focusing on the topics that require more attention or are upcoming exams.

4. Allocate time: Estimate the time needed to study each subject or topic. Consider your learning style, pace",17,200,51.2828,3.9,Windows_IrisXe_CPU
99,F16,Metacognition,What is cognitive load and how can you reduce it while studying?,"Cognitive load refers to the total amount of mental effort being used in the working memory. It is a concept derived from cognitive psychology and is particularly relevant in the context of learning and instruction. Cognitive load theory, developed by John Sweller in the 1980s, suggests that our working memory has a limited capacity for processing new information, and that instructional methods should avoid overloading it to facilitate learning.

There are three types of cognitive load:

1. Intrinsic cognitive load: This is the inherent difficulty associated with the content being learned. It is determined by the complexity of the material and the learner's prior knowledge.

2. Extraneous cognitive load: This is the load imposed by the way information is presented, which is not directly related to the learning task. It can be influenced by the design of instructional materials and the learner's prior knowledge.

3",18,200,50.2782,3.98,Windows_IrisXe_CPU
100,F16,Metacognition,Explain what the forgetting curve is.,"The forgetting curve is a concept developed by the German psychologist Hermann Ebbinghaus in the late 19th century. It describes the decline of memory retention over time. Ebbinghaus conducted a series of experiments on himself to study the memorization and forgetting of nonsense syllables, which are combinations of letters that do not form a word and therefore do not have any pre-existing associations in the mind.

The forgetting curve illustrates how information is lost over time when there is no attempt to retain it. Ebbinghaus found that memory loss is not linear but rather exponential, meaning that the most significant decline in memory retention occurs soon after learning. The curve shows that, on average, people tend to forget about 50% of newly learned information within the first hour, and the rate of forgetting slows down over time.

The forgetting curve can be represented mathematically by the formula:",13,200,50.3077,3.98,Windows_IrisXe_CPU
